timestamp	sensor_id	temp_c	humidity_pct
2026-03-10T12:00:01	s1	21.0	44.8
2026-03-10T12:00:01	s2	19.5	46.9
2026-03-10T12:00:01	s3	23.1	43.1
2026-03-10T12:00:02	s1	20.9	47.8
2026-03-10T12:00:02	s2	19.5	44.6
2026-03-10T12:00:02	s3	23.2	42.4
2026-03-10T12:00:03	s1	21.0	45.6
2026-03-10T12:00:03	s2	19.4	46.4
2026-03-10T12:00:03	s3	23.1	44.7
2026-03-10T12:00:04	s1	21.0	47.7
2026-03-10T12:00:04	s2	19.4	43.3
2026-03-10T12:00:04	s3	23.2	47.9
2026-03-10T12:00:05	s1	21.1	42.4
2026-03-10T12:00:05	s2	19.6	46.7
2026-03-10T12:00:05	s3	23.4	43.3
2026-03-10T12:00:06	s1	20.9	42.1
2026-03-10T12:00:06	s2	19.6	44.5
2026-03-10T12:00:06	s3	23.1	43.1
2026-03-10T12:00:07	s1	20.9	43.6
2026-03-10T12:00:07	s2	19.4	47.2
2026-03-10T12:00:07	s3	23.2	44.5
2026-03-10T12:00:08	s1	20.9	47.4
2026-03-10T12:00:08	s2	19.4	42.3
2026-03-10T12:00:08	s3	23.3	44.6
2026-03-10T12:00:09	s1	21.2	43.8
2026-03-10T12:00:09	s2	19.4	47.7
2026-03-10T12:00:09	s3	23.2	45.2
2026-03-10T12:00:10	s1	21.1	47.8
2026-03-10T12:00:10	s2	19.5	47.5
2026-03-10T12:00:10	s3	23.2	46.9
2026-03-10T12:00:11	s1	21.0	47.4
2026-03-10T12:00:11	s2	19.4	46.3
2026-03-10T12:00:11	s3	23.2	42.9
2026-03-10T12:00:12	s1	21.1	46.9
2026-03-10T12:00:12	s2	19.6	47.0
2026-03-10T12:00:12	s3	23.3	42.1
2026-03-10T12:00:13	s1	21.1	47.6
2026-03-10T12:00:13	s2	19.5	43.9
2026-03-10T12:00:13	s3	23.3	46.0
2026-03-10T12:00:14	s1	21.0	46.3
2026-03-10T12:00:14	s2	19.7	47.7
2026-03-10T12:00:14	s3	23.3	45.8
2026-03-10T12:00:15	s1	21.1	45.5
2026-03-10T12:00:15	s2	19.4	46.5
2026-03-10T12:00:15	s3	23.1	46.2
2026-03-10T12:00:16	s1	21.1	45.6
2026-03-10T12:00:16	s2	19.4	43.3
2026-03-10T12:00:16	s3	23.1	46.1
2026-03-10T12:00:17	s1	21.2	44.2
2026-03-10T12:00:17	s2	19.5	43.8
2026-03-10T12:00:17	s3	23.2	46.9
2026-03-10T12:00:18	s1	20.9	45.0
2026-03-10T12:00:18	s2	19.7	44.5
2026-03-10T12:00:18	s3	23.2	47.0
2026-03-10T12:00:19	s1	21.0	47.8
2026-03-10T12:00:19	s2	19.5	47.6
2026-03-10T12:00:19	s3	23.2	44.2
2026-03-10T12:00:20	s1	21.1	43.0
2026-03-10T12:00:20	s2	19.5	43.7
2026-03-10T12:00:20	s3	23.3	46.1
2026-03-10T12:00:21	s1	21.1	46.2
2026-03-10T12:00:21	s2	19.7	47.4
2026-03-10T12:00:21	s3	23.1	42.5
2026-03-10T12:00:22	s1	21.1	42.5
2026-03-10T12:00:22	s2	19.4	47.6
2026-03-10T12:00:22	s3	23.1	46.5
2026-03-10T12:00:23	s1	21.1	45.3
2026-03-10T12:00:23	s2	19.6	45.0
2026-03-10T12:00:23	s3	23.3	46.0
2026-03-10T12:00:24	s1	21.2	43.3
2026-03-10T12:00:24	s2	19.6	45.3
2026-03-10T12:00:24	s3	23.1	47.1
2026-03-10T12:00:25	s1	21.2	44.1
2026-03-10T12:00:25	s2	19.6	44.8
2026-03-10T12:00:25	s3	23.4	45.9
2026-03-10T12:00:26	s1	21.1	44.4
2026-03-10T12:00:26	s2	19.7	46.7
2026-03-10T12:00:26	s3	23.3	43.6
2026-03-10T12:00:27	s1	21.1	43.8
2026-03-10T12:00:27	s2	19.7	47.5
2026-03-10T12:00:27	s3	23.3	42.0
2026-03-10T12:00:28	s1	21.2	42.2
2026-03-10T12:00:28	s2	19.4	46.7
2026-03-10T12:00:28	s3	23.4	45.1
2026-03-10T12:00:29	s1	21.1	43.9
2026-03-10T12:00:29	s2	19.5	45.4
2026-03-10T12:00:29	s3	23.2	45.3
2026-03-10T12:00:30	s1	21.0	45.7
2026-03-10T12:00:30	s2	19.5	42.3
2026-03-10T12:00:30	s3	23.4	44.6
2026-03-10T12:00:31	s1	21.2	44.3
2026-03-10T12:00:31	s2	19.6	44.4
2026-03-10T12:00:31	s3	23.2	43.0
2026-03-10T12:00:32	s1	21.0	46.3
2026-03-10T12:00:32	s2	19.4	42.7
2026-03-10T12:00:32	s3	23.3	44.4
2026-03-10T12:00:33	s1	21.1	47.5
2026-03-10T12:00:33	s2	19.7	43.0
2026-03-10T12:00:33	s3	23.2	42.6
2026-03-10T12:00:34	s1	20.9	42.1
2026-03-10T12:00:34	s2	19.6	42.9
2026-03-10T12:00:34	s3	23.3	45.3
2026-03-10T12:00:35	s1	21.2	45.4
2026-03-10T12:00:35	s2	19.4	46.4
2026-03-10T12:00:35	s3	23.4	45.8
2026-03-10T12:00:36	s1	21.2	43.1
2026-03-10T12:00:36	s2	19.6	43.3
2026-03-10T12:00:36	s3	23.2	47.0
2026-03-10T12:00:37	s1	21.1	46.8
2026-03-10T12:00:37	s2	19.5	43.6
2026-03-10T12:00:37	s3	23.1	42.5
2026-03-10T12:00:38	s1	21.0	42.1
2026-03-10T12:00:38	s2	19.7	47.2
2026-03-10T12:00:38	s3	23.2	47.6
2026-03-10T12:00:39	s1	21.0	42.9
2026-03-10T12:00:39	s2	19.5	43.1
2026-03-10T12:00:39	s3	23.1	47.1
2026-03-10T12:00:40	s1	21.2	43.2
2026-03-10T12:00:40	s2	19.5	46.8
2026-03-10T12:00:40	s3	23.3	44.9
2026-03-10T12:00:41	s1	21.1	43.3
2026-03-10T12:00:41	s2	19.6	47.3
2026-03-10T12:00:41	s3	23.3	44.7
2026-03-10T12:00:42	s1	21.0	43.8
2026-03-10T12:00:42	s2	19.7	46.0
2026-03-10T12:00:42	s3	23.3	47.1
2026-03-10T12:00:43	s1	21.0	44.1
2026-03-10T12:00:43	s2	19.5	48.0
2026-03-10T12:00:43	s3	23.3	42.0
2026-03-10T12:00:44	s1	21.1	43.5
2026-03-10T12:00:44	s2	19.5	45.6
2026-03-10T12:00:44	s3	23.3	45.1
2026-03-10T12:00:45	s1	21.2	43.3
2026-03-10T12:00:45	s2	19.5	47.4
2026-03-10T12:00:45	s3	23.1	42.8
2026-03-10T12:00:46	s1	21.0	46.1
2026-03-10T12:00:46	s2	19.5	43.6
2026-03-10T12:00:46	s3	23.2	42.6
2026-03-10T12:00:47	s1	21.2	45.9
2026-03-10T12:00:47	s2	19.6	46.9
2026-03-10T12:00:47	s3	23.3	47.7
2026-03-10T12:00:48	s1	21.2	43.5
2026-03-10T12:00:48	s2	19.5	47.1
2026-03-10T12:00:48	s3	23.4	47.8
2026-03-10T12:00:49	s1	21.0	46.8
2026-03-10T12:00:49	s2	19.6	43.0
2026-03-10T12:00:49	s3	23.2	46.3
2026-03-10T12:00:50	s1	21.1	44.7
2026-03-10T12:00:50	s2	19.6	43.6
2026-03-10T12:00:50	s3	23.2	42.6
2026-03-10T12:00:51	s1	21.1	43.2
2026-03-10T12:00:51	s2	19.6	47.4
2026-03-10T12:00:51	s3	23.4	44.7
2026-03-10T12:00:52	s1	21.2	47.7
2026-03-10T12:00:52	s2	19.5	44.5
2026-03-10T12:00:52	s3	23.3	47.3
2026-03-10T12:00:53	s1	21.2	45.2
2026-03-10T12:00:53	s2	19.6	42.7
2026-03-10T12:00:53	s3	23.4	44.6
2026-03-10T12:00:54	s1	21.0	43.5
2026-03-10T12:00:54	s2	19.5	44.2
2026-03-10T12:00:54	s3	23.2	43.9
2026-03-10T12:00:55	s1	21.0	46.1
2026-03-10T12:00:55	s2	19.7	43.3
2026-03-10T12:00:55	s3	23.3	43.9
2026-03-10T12:00:56	s1	21.0	42.4
2026-03-10T12:00:56	s2	19.5	43.3
2026-03-10T12:00:56	s3	23.2	45.4
2026-03-10T12:00:57	s1	21.2	47.7
2026-03-10T12:00:57	s2	19.7	46.0
2026-03-10T12:00:57	s3	23.3	45.9
2026-03-10T12:00:58	s1	21.2	44.6
2026-03-10T12:00:58	s2	19.7	43.2
2026-03-10T12:00:58	s3	23.2	45.0
2026-03-10T12:00:59	s1	21.0	43.6
2026-03-10T12:00:59	s2	19.5	44.7
2026-03-10T12:00:59	s3	23.3	45.5
2026-03-10T12:01:00	s1	21.0	42.1
2026-03-10T12:01:00	s2	19.5	46.7
2026-03-10T12:01:00	s3	23.3	42.0
2026-03-10T12:01:01	s1	21.1	42.8
2026-03-10T12:01:01	s2	19.8	42.2
2026-03-10T12:01:01	s3	23.3	45.2
2026-03-10T12:01:02	s1	21.1	42.1
2026-03-10T12:01:02	s2	19.6	47.0
2026-03-10T12:01:02	s3	23.3	43.8
2026-03-10T12:01:03	s1	21.1	44.1
2026-03-10T12:01:03	s2	19.5	46.6
2026-03-10T12:01:03	s3	23.3	42.3
2026-03-10T12:01:04	s1	21.1	47.9
2026-03-10T12:01:04	s2	19.6	45.8
2026-03-10T12:01:04	s3	23.4	47.1
2026-03-10T12:01:05	s1	21.3	42.6
2026-03-10T12:01:05	s2	19.5	47.0
2026-03-10T12:01:05	s3	23.2	48.0
2026-03-10T12:01:06	s1	21.2	46.3
2026-03-10T12:01:06	s2	19.5	42.5
2026-03-10T12:01:06	s3	23.4	46.9
2026-03-10T12:01:07	s1	21.2	45.2
2026-03-10T12:01:07	s2	19.5	46.1
2026-03-10T12:01:07	s3	23.2	47.3
2026-03-10T12:01:08	s1	21.0	42.3
2026-03-10T12:01:08	s2	19.6	43.6
2026-03-10T12:01:08	s3	23.4	46.7
2026-03-10T12:01:09	s1	21.1	46.2
2026-03-10T12:01:09	s2	19.8	45.5
2026-03-10T12:01:09	s3	23.2	43.9
2026-03-10T12:01:10	s1	21.0	45.5
2026-03-10T12:01:10	s2	19.7	47.4
2026-03-10T12:01:10	s3	23.4	46.0
2026-03-10T12:01:11	s1	21.1	43.4
2026-03-10T12:01:11	s2	19.6	44.9
2026-03-10T12:01:11	s3	23.3	46.6
2026-03-10T12:01:12	s1	21.1	42.6
2026-03-10T12:01:12	s2	19.7	46.3
2026-03-10T12:01:12	s3	23.3	47.0
2026-03-10T12:01:13	s1	21.1	45.9
2026-03-10T12:01:13	s2	19.8	46.2
2026-03-10T12:01:13	s3	23.2	45.0
2026-03-10T12:01:14	s1	21.1	46.0
2026-03-10T12:01:14	s2	19.6	44.3
2026-03-10T12:01:14	s3	23.3	44.0
2026-03-10T12:01:15	s1	21.2	46.6
2026-03-10T12:01:15	s2	19.7	43.9
2026-03-10T12:01:15	s3	23.5	46.3
2026-03-10T12:01:16	s1	21.2	47.1
2026-03-10T12:01:16	s2	19.5	42.8
2026-03-10T12:01:16	s3	23.5	44.3
2026-03-10T12:01:17	s1	21.1	45.7
2026-03-10T12:01:17	s2	19.6	44.4
2026-03-10T12:01:17	s3	23.2	44.5
2026-03-10T12:01:18	s1	21.2	47.7
2026-03-10T12:01:18	s2	19.7	42.6
2026-03-10T12:01:18	s3	23.3	42.6
2026-03-10T12:01:19	s1	21.0	42.1
2026-03-10T12:01:19	s2	19.6	43.6
2026-03-10T12:01:19	s3	23.3	45.2
2026-03-10T12:01:20	s1	21.1	42.7
2026-03-10T12:01:20	s2	19.7	44.1
2026-03-10T12:01:20	s3	23.3	44.4
2026-03-10T12:01:21	s1	21.1	44.0
2026-03-10T12:01:21	s2	19.6	44.2
2026-03-10T12:01:21	s3	23.2	44.3
2026-03-10T12:01:22	s1	21.3	43.2
2026-03-10T12:01:22	s2	19.6	43.1
2026-03-10T12:01:22	s3	23.3	45.6
2026-03-10T12:01:23	s1	21.2	42.7
2026-03-10T12:01:23	s2	19.5	43.5
2026-03-10T12:01:23	s3	23.2	42.7
2026-03-10T12:01:24	s1	21.3	45.5
2026-03-10T12:01:24	s2	19.6	45.2
2026-03-10T12:01:24	s3	23.3	47.3
2026-03-10T12:01:25	s1	21.2	44.4
2026-03-10T12:01:25	s2	19.6	43.3
2026-03-10T12:01:25	s3	23.5	46.2
2026-03-10T12:01:26	s1	21.2	43.0
2026-03-10T12:01:26	s2	19.6	45.8
2026-03-10T12:01:26	s3	23.4	43.7
2026-03-10T12:01:27	s1	21.0	43.1
2026-03-10T12:01:27	s2	19.8	45.7
2026-03-10T12:01:27	s3	23.4	47.1
2026-03-10T12:01:28	s1	21.2	43.0
2026-03-10T12:01:28	s2	19.7	43.0
2026-03-10T12:01:28	s3	23.3	44.7
2026-03-10T12:01:29	s1	21.3	46.0
2026-03-10T12:01:29	s2	19.7	42.1
2026-03-10T12:01:29	s3	23.5	47.3
2026-03-10T12:01:30	s1	21.1	46.6
2026-03-10T12:01:30	s2	19.5	44.1
2026-03-10T12:01:30	s3	23.4	42.0
2026-03-10T12:01:31	s1	21.3	44.8
2026-03-10T12:01:31	s2	19.5	42.1
2026-03-10T12:01:31	s3	23.4	43.7
2026-03-10T12:01:32	s1	21.1	45.0
2026-03-10T12:01:32	s2	19.8	46.7
2026-03-10T12:01:32	s3	23.3	46.8
2026-03-10T12:01:33	s1	21.1	44.9
2026-03-10T12:01:33	s2	19.6	45.3
2026-03-10T12:01:33	s3	23.4	43.5
2026-03-10T12:01:34	s1	21.2	47.0
2026-03-10T12:01:34	s2	19.6	44.0
2026-03-10T12:01:34	s3	23.4	46.0
2026-03-10T12:01:35	s1	21.3	47.1
2026-03-10T12:01:35	s2	19.7	43.6
2026-03-10T12:01:35	s3	23.4	45.8
2026-03-10T12:01:36	s1	21.1	44.5
2026-03-10T12:01:36	s2	19.6	48.0
2026-03-10T12:01:36	s3	23.3	42.2
2026-03-10T12:01:37	s1	21.2	46.2
2026-03-10T12:01:37	s2	19.7	43.2
2026-03-10T12:01:37	s3	23.3	47.5
2026-03-10T12:01:38	s1	21.2	42.6
2026-03-10T12:01:38	s2	19.6	45.8
2026-03-10T12:01:38	s3	23.4	47.5
2026-03-10T12:01:39	s1	21.3	47.3
2026-03-10T12:01:39	s2	19.6	47.5
2026-03-10T12:01:39	s3	23.4	44.0
2026-03-10T12:01:40	s1	21.2	47.7
2026-03-10T12:01:40	s2	19.6	43.1
2026-03-10T12:01:40	s3	23.4	46.2
2026-03-10T12:01:41	s1	21.3	42.7
2026-03-10T12:01:41	s2	19.8	45.4
2026-03-10T12:01:41	s3	23.5	44.1
2026-03-10T12:01:42	s1	21.1	42.1
2026-03-10T12:01:42	s2	19.8	42.9
2026-03-10T12:01:42	s3	23.5	45.1
2026-03-10T12:01:43	s1	21.1	45.3
2026-03-10T12:01:43	s2	19.6	44.9
2026-03-10T12:01:43	s3	23.3	43.8
2026-03-10T12:01:44	s1	21.2	43.3
2026-03-10T12:01:44	s2	19.8	42.7
2026-03-10T12:01:44	s3	23.4	42.0
2026-03-10T12:01:45	s1	21.2	47.0
2026-03-10T12:01:45	s2	19.6	42.8
2026-03-10T12:01:45	s3	23.5	46.7
2026-03-10T12:01:46	s1	21.2	47.8
2026-03-10T12:01:46	s2	19.7	47.7
2026-03-10T12:01:46	s3	23.5	42.9
2026-03-10T12:01:47	s1	21.3	44.6
2026-03-10T12:01:47	s2	19.8	43.7
2026-03-10T12:01:47	s3	23.3	47.6
2026-03-10T12:01:48	s1	21.1	46.1
2026-03-10T12:01:48	s2	19.7	44.4
2026-03-10T12:01:48	s3	23.5	47.4
2026-03-10T12:01:49	s1	21.3	45.6
2026-03-10T12:01:49	s2	19.6	44.6
2026-03-10T12:01:49	s3	23.5	46.8
2026-03-10T12:01:50	s1	21.1	46.6
2026-03-10T12:01:50	s2	19.6	44.5
2026-03-10T12:01:50	s3	23.3	43.8
2026-03-10T12:01:51	s1	21.2	47.6
2026-03-10T12:01:51	s2	19.7	43.1
2026-03-10T12:01:51	s3	23.5	47.0
2026-03-10T12:01:52	s1	21.1	45.2
2026-03-10T12:01:52	s2	19.8	45.0
2026-03-10T12:01:52	s3	23.5	44.1
2026-03-10T12:01:53	s1	21.2	44.8
2026-03-10T12:01:53	s2	19.9	44.8
2026-03-10T12:01:53	s3	23.5	42.2
2026-03-10T12:01:54	s1	21.3	42.5
2026-03-10T12:01:54	s2	19.6	47.4
2026-03-10T12:01:54	s3	23.5	45.5
2026-03-10T12:01:55	s1	21.2	45.7
2026-03-10T12:01:55	s2	19.8	47.3
2026-03-10T12:01:55	s3	23.3	47.1
2026-03-10T12:01:56	s1	21.1	46.0
2026-03-10T12:01:56	s2	19.7	46.6
2026-03-10T12:01:56	s3	23.4	47.0
2026-03-10T12:01:57	s1	21.1	43.6
2026-03-10T12:01:57	s2	19.9	42.6
2026-03-10T12:01:57	s3	23.5	46.9
2026-03-10T12:01:58	s1	21.3	46.1
2026-03-10T12:01:58	s2	19.8	42.7
2026-03-10T12:01:58	s3	23.5	45.1
2026-03-10T12:01:59	s1	21.3	46.2
2026-03-10T12:01:59	s2	19.7	45.4
2026-03-10T12:01:59	s3	23.6	42.8
2026-03-10T12:02:00	s1	21.4	45.8
2026-03-10T12:02:00	s2	19.6	45.8
2026-03-10T12:02:00	s3	23.5	47.6
2026-03-10T12:02:01	s1	21.3	45.7
2026-03-10T12:02:01	s2	19.7	42.4
2026-03-10T12:02:01	s3	23.3	47.3
2026-03-10T12:02:02	s1	21.2	43.5
2026-03-10T12:02:02	s2	19.6	42.1
2026-03-10T12:02:02	s3	23.4	44.3
2026-03-10T12:02:03	s1	21.4	43.8
2026-03-10T12:02:03	s2	19.7	43.1
2026-03-10T12:02:03	s3	23.4	47.1
2026-03-10T12:02:04	s1	21.2	45.7
2026-03-10T12:02:04	s2	19.7	45.9
2026-03-10T12:02:04	s3	23.3	42.9
2026-03-10T12:02:05	s1	21.1	42.9
2026-03-10T12:02:05	s2	19.8	43.4
2026-03-10T12:02:05	s3	23.5	46.2
2026-03-10T12:02:06	s1	21.2	44.9
2026-03-10T12:02:06	s2	19.7	42.6
2026-03-10T12:02:06	s3	23.5	44.2
2026-03-10T12:02:07	s1	21.2	44.3
2026-03-10T12:02:07	s2	19.8	44.8
2026-03-10T12:02:07	s3	23.5	42.9
2026-03-10T12:02:08	s1	21.2	42.7
2026-03-10T12:02:08	s2	19.7	45.5
2026-03-10T12:02:08	s3	23.3	45.9
2026-03-10T12:02:09	s1	21.3	44.7
2026-03-10T12:02:09	s2	19.9	44.1
2026-03-10T12:02:09	s3	23.3	47.3
2026-03-10T12:02:10	s1	21.2	42.1
2026-03-10T12:02:10	s2	19.7	45.0
2026-03-10T12:02:10	s3	23.6	43.3
2026-03-10T12:02:11	s1	21.4	45.2
2026-03-10T12:02:11	s2	19.8	43.0
2026-03-10T12:02:11	s3	23.4	45.9
2026-03-10T12:02:12	s1	21.3	44.8
2026-03-10T12:02:12	s2	19.9	42.8
2026-03-10T12:02:12	s3	23.5	46.0
2026-03-10T12:02:13	s1	21.4	42.4
2026-03-10T12:02:13	s2	19.9	44.9
2026-03-10T12:02:13	s3	23.6	45.6
2026-03-10T12:02:14	s1	21.2	46.3
2026-03-10T12:02:14	s2	19.8	46.0
2026-03-10T12:02:14	s3	23.4	46.2
2026-03-10T12:02:15	s1	21.3	45.5
2026-03-10T12:02:15	s2	19.8	47.0
2026-03-10T12:02:15	s3	23.3	42.2
2026-03-10T12:02:16	s1	21.3	43.4
2026-03-10T12:02:16	s2	19.8	45.0
2026-03-10T12:02:16	s3	23.5	43.9
2026-03-10T12:02:17	s1	21.2	46.6
2026-03-10T12:02:17	s2	19.9	46.8
2026-03-10T12:02:17	s3	23.4	47.3
2026-03-10T12:02:18	s1	21.3	44.3
2026-03-10T12:02:18	s2	19.9	47.5
2026-03-10T12:02:18	s3	23.3	43.5
2026-03-10T12:02:19	s1	21.1	46.5
2026-03-10T12:02:19	s2	19.8	44.2
2026-03-10T12:02:19	s3	23.5	42.2
2026-03-10T12:02:20	s1	21.2	42.6
2026-03-10T12:02:20	s2	19.8	42.8
2026-03-10T12:02:20	s3	23.5	45.3
2026-03-10T12:02:21	s1	21.2	44.9
2026-03-10T12:02:21	s2	19.8	43.4
2026-03-10T12:02:21	s3	23.6	44.6
2026-03-10T12:02:22	s1	21.3	46.7
2026-03-10T12:02:22	s2	19.7	42.1
2026-03-10T12:02:22	s3	23.6	42.6
2026-03-10T12:02:23	s1	21.1	42.8
2026-03-10T12:02:23	s2	19.6	46.6
2026-03-10T12:02:23	s3	23.5	47.2
2026-03-10T12:02:24	s1	21.2	46.1
2026-03-10T12:02:24	s2	19.9	46.4
2026-03-10T12:02:24	s3	23.5	43.1
2026-03-10T12:02:25	s1	21.2	47.0
2026-03-10T12:02:25	s2	19.8	44.1
2026-03-10T12:02:25	s3	23.6	47.1
2026-03-10T12:02:26	s1	21.4	44.6
2026-03-10T12:02:26	s2	19.8	47.2
2026-03-10T12:02:26	s3	23.5	42.8
2026-03-10T12:02:27	s1	21.3	42.6
2026-03-10T12:02:27	s2	19.8	42.3
2026-03-10T12:02:27	s3	23.5	42.1
2026-03-10T12:02:28	s1	21.4	43.7
2026-03-10T12:02:28	s2	19.9	44.3
2026-03-10T12:02:28	s3	23.5	47.2
2026-03-10T12:02:29	s1	21.2	43.7
2026-03-10T12:02:29	s2	19.8	43.4
2026-03-10T12:02:29	s3	23.5	45.7
2026-03-10T12:02:30	s1	21.2	45.7
2026-03-10T12:02:30	s2	19.8	47.4
2026-03-10T12:02:30	s3	23.5	47.6
2026-03-10T12:02:31	s1	21.4	45.9
2026-03-10T12:02:31	s2	19.7	44.5
2026-03-10T12:02:31	s3	23.4	47.3
2026-03-10T12:02:32	s1	21.2	43.2
2026-03-10T12:02:32	s2	19.9	44.0
2026-03-10T12:02:32	s3	23.6	47.5
2026-03-10T12:02:33	s1	21.2	45.0
2026-03-10T12:02:33	s2	19.9	45.4
2026-03-10T12:02:33	s3	23.5	47.0
2026-03-10T12:02:34	s1	21.4	44.1
2026-03-10T12:02:34	s2	19.7	44.5
2026-03-10T12:02:34	s3	23.6	47.6
2026-03-10T12:02:35	s1	21.4	44.9
2026-03-10T12:02:35	s2	19.7	46.3
2026-03-10T12:02:35	s3	23.4	45.0
2026-03-10T12:02:36	s1	21.2	44.1
2026-03-10T12:02:36	s2	19.8	46.7
2026-03-10T12:02:36	s3	23.6	43.4
2026-03-10T12:02:37	s1	21.4	42.2
2026-03-10T12:02:37	s2	19.9	43.2
2026-03-10T12:02:37	s3	23.5	44.3
2026-03-10T12:02:38	s1	21.4	42.1
2026-03-10T12:02:38	s2	19.8	44.3
2026-03-10T12:02:38	s3	23.5	42.8
2026-03-10T12:02:39	s1	21.4	45.3
2026-03-10T12:02:39	s2	19.7	42.7
2026-03-10T12:02:39	s3	23.6	47.4
2026-03-10T12:02:40	s1	21.3	44.1
2026-03-10T12:02:40	s2	19.9	43.4
2026-03-10T12:02:40	s3	23.4	42.1
2026-03-10T12:02:41	s1	21.3	46.5
2026-03-10T12:02:41	s2	19.9	45.2
2026-03-10T12:02:41	s3	23.4	46.8
2026-03-10T12:02:42	s1	21.4	43.5
2026-03-10T12:02:42	s2	19.7	42.3
2026-03-10T12:02:42	s3	23.5	43.7
2026-03-10T12:02:43	s1	21.3	45.6
2026-03-10T12:02:43	s2	19.9	48.0
2026-03-10T12:02:43	s3	23.4	44.4
2026-03-10T12:02:44	s1	21.4	45.9
2026-03-10T12:02:44	s2	19.7	47.6
2026-03-10T12:02:44	s3	23.4	46.2
2026-03-10T12:02:45	s1	21.4	47.4
2026-03-10T12:02:45	s2	19.9	44.7
2026-03-10T12:02:45	s3	23.5	44.2
2026-03-10T12:02:46	s1	21.3	47.2
2026-03-10T12:02:46	s2	19.8	47.4
2026-03-10T12:02:46	s3	23.5	45.2
2026-03-10T12:02:47	s1	21.2	44.1
2026-03-10T12:02:47	s2	19.8	47.7
2026-03-10T12:02:47	s3	23.5	42.5
2026-03-10T12:02:48	s1	21.5	47.0
2026-03-10T12:02:48	s2	19.8	43.8
2026-03-10T12:02:48	s3	23.5	42.7
2026-03-10T12:02:49	s1	21.4	46.7
2026-03-10T12:02:49	s2	19.7	43.4
2026-03-10T12:02:49	s3	23.5	46.6
2026-03-10T12:02:50	s1	21.5	42.1
2026-03-10T12:02:50	s2	19.9	43.6
2026-03-10T12:02:50	s3	23.6	43.8
2026-03-10T12:02:51	s1	21.5	42.4
2026-03-10T12:02:51	s2	19.9	44.3
2026-03-10T12:02:51	s3	23.4	44.3
2026-03-10T12:02:52	s1	21.3	43.3
2026-03-10T12:02:52	s2	19.8	46.0
2026-03-10T12:02:52	s3	23.6	46.0
2026-03-10T12:02:53	s1	21.2	46.6
2026-03-10T12:02:53	s2	20.0	47.5
2026-03-10T12:02:53	s3	23.6	44.0
2026-03-10T12:02:54	s1	21.4	43.6
2026-03-10T12:02:54	s2	19.9	43.3
2026-03-10T12:02:54	s3	23.4	46.4
2026-03-10T12:02:55	s1	21.4	47.2
2026-03-10T12:02:55	s2	19.9	47.6
2026-03-10T12:02:55	s3	23.6	46.8
2026-03-10T12:02:56	s1	21.4	47.7
2026-03-10T12:02:56	s2	20.0	43.7
2026-03-10T12:02:56	s3	23.7	45.2
2026-03-10T12:02:57	s1	21.3	46.3
2026-03-10T12:02:57	s2	19.9	43.6
2026-03-10T12:02:57	s3	23.7	44.8
2026-03-10T12:02:58	s1	21.5	43.4
2026-03-10T12:02:58	s2	20.0	43.7
2026-03-10T12:02:58	s3	23.6	43.6
2026-03-10T12:02:59	s1	21.5	46.6
2026-03-10T12:02:59	s2	19.8	45.4
2026-03-10T12:02:59	s3	23.4	43.6
2026-03-10T12:03:00	s1	21.3	43.5
2026-03-10T12:03:00	s2	19.9	46.6
2026-03-10T12:03:00	s3	23.4	43.8
2026-03-10T12:03:01	s1	21.4	47.0
2026-03-10T12:03:01	s2	20.0	44.7
2026-03-10T12:03:01	s3	23.4	42.1
2026-03-10T12:03:02	s1	21.2	44.2
2026-03-10T12:03:02	s2	19.9	45.3
2026-03-10T12:03:02	s3	23.5	45.5
2026-03-10T12:03:03	s1	21.2	47.4
2026-03-10T12:03:03	s2	19.9	47.7
2026-03-10T12:03:03	s3	23.5	43.5
2026-03-10T12:03:04	s1	21.5	43.6
2026-03-10T12:03:04	s2	19.9	43.4
2026-03-10T12:03:04	s3	23.5	47.2
2026-03-10T12:03:05	s1	21.4	43.4
2026-03-10T12:03:05	s2	19.9	43.1
2026-03-10T12:03:05	s3	23.6	44.6
2026-03-10T12:03:06	s1	21.3	45.3
2026-03-10T12:03:06	s2	19.8	47.7
2026-03-10T12:03:06	s3	23.7	47.9
2026-03-10T12:03:07	s1	21.2	47.1
2026-03-10T12:03:07	s2	20.0	45.2
2026-03-10T12:03:07	s3	23.4	43.4
2026-03-10T12:03:08	s1	21.3	45.0
2026-03-10T12:03:08	s2	19.8	42.5
2026-03-10T12:03:08	s3	23.5	45.4
2026-03-10T12:03:09	s1	21.5	46.1
2026-03-10T12:03:09	s2	19.7	44.6
2026-03-10T12:03:09	s3	23.5	42.1
2026-03-10T12:03:10	s1	21.4	44.2
2026-03-10T12:03:10	s2	20.0	47.4
2026-03-10T12:03:10	s3	23.5	47.7
2026-03-10T12:03:11	s1	21.3	42.2
2026-03-10T12:03:11	s2	19.8	43.7
2026-03-10T12:03:11	s3	23.5	45.5
2026-03-10T12:03:12	s1	21.3	43.3
2026-03-10T12:03:12	s2	19.8	46.3
2026-03-10T12:03:12	s3	23.7	46.7
2026-03-10T12:03:13	s1	21.4	47.6
2026-03-10T12:03:13	s2	19.8	45.5
2026-03-10T12:03:13	s3	23.6	42.9
2026-03-10T12:03:14	s1	21.5	45.9
2026-03-10T12:03:14	s2	20.0	47.8
2026-03-10T12:03:14	s3	23.7	45.4
2026-03-10T12:03:15	s1	21.5	45.8
2026-03-10T12:03:15	s2	20.0	45.2
2026-03-10T12:03:15	s3	23.5	47.3
2026-03-10T12:03:16	s1	21.5	45.6
2026-03-10T12:03:16	s2	19.9	45.1
2026-03-10T12:03:16	s3	23.5	43.2
2026-03-10T12:03:17	s1	21.4	47.5
2026-03-10T12:03:17	s2	19.8	46.8
2026-03-10T12:03:17	s3	23.7	43.4
2026-03-10T12:03:18	s1	21.3	47.8
2026-03-10T12:03:18	s2	20.0	44.7
2026-03-10T12:03:18	s3	23.7	44.5
2026-03-10T12:03:19	s1	21.3	45.4
2026-03-10T12:03:19	s2	19.8	44.2
2026-03-10T12:03:19	s3	23.6	43.4
2026-03-10T12:03:20	s1	21.5	43.4
2026-03-10T12:03:20	s2	20.0	47.9
2026-03-10T12:03:20	s3	23.7	43.5
2026-03-10T12:03:21	s1	21.5	46.0
2026-03-10T12:03:21	s2	19.9	45.6
2026-03-10T12:03:21	s3	23.7	44.0
2026-03-10T12:03:22	s1	21.3	44.5
2026-03-10T12:03:22	s2	19.9	42.9
2026-03-10T12:03:22	s3	23.6	47.3
2026-03-10T12:03:23	s1	21.3	43.1
2026-03-10T12:03:23	s2	19.9	43.0
2026-03-10T12:03:23	s3	23.6	46.6
2026-03-10T12:03:24	s1	21.5	44.8
2026-03-10T12:03:24	s2	19.8	47.2
2026-03-10T12:03:24	s3	23.7	42.1
2026-03-10T12:03:25	s1	21.3	42.4
2026-03-10T12:03:25	s2	19.9	45.2
2026-03-10T12:03:25	s3	23.6	44.5
2026-03-10T12:03:26	s1	21.3	46.2
2026-03-10T12:03:26	s2	19.8	43.8
2026-03-10T12:03:26	s3	23.6	46.9
2026-03-10T12:03:27	s1	21.4	45.7
2026-03-10T12:03:27	s2	19.8	46.3
2026-03-10T12:03:27	s3	23.5	47.5
2026-03-10T12:03:28	s1	21.5	47.5
2026-03-10T12:03:28	s2	20.0	46.4
2026-03-10T12:03:28	s3	23.6	46.5
2026-03-10T12:03:29	s1	21.5	46.4
2026-03-10T12:03:29	s2	20.0	45.5
2026-03-10T12:03:29	s3	23.7	45.1
2026-03-10T12:03:30	s1	21.3	42.0
2026-03-10T12:03:30	s2	19.9	46.0
2026-03-10T12:03:30	s3	23.6	43.9
2026-03-10T12:03:31	s1	21.3	46.3
2026-03-10T12:03:31	s2	19.9	46.6
2026-03-10T12:03:31	s3	23.5	45.0
2026-03-10T12:03:32	s1	21.3	45.1
2026-03-10T12:03:32	s2	19.9	45.0
2026-03-10T12:03:32	s3	23.8	43.7
2026-03-10T12:03:33	s1	21.4	46.5
2026-03-10T12:03:33	s2	20.1	42.3
2026-03-10T12:03:33	s3	23.8	47.3
2026-03-10T12:03:34	s1	21.5	44.6
2026-03-10T12:03:34	s2	19.9	47.3
2026-03-10T12:03:34	s3	23.6	44.1
2026-03-10T12:03:35	s1	21.3	43.7
2026-03-10T12:03:35	s2	19.9	43.3
2026-03-10T12:03:35	s3	23.5	47.6
2026-03-10T12:03:36	s1	21.4	45.6
2026-03-10T12:03:36	s2	19.8	43.4
2026-03-10T12:03:36	s3	23.6	42.6
2026-03-10T12:03:37	s1	21.4	45.1
2026-03-10T12:03:37	s2	19.8	45.6
2026-03-10T12:03:37	s3	23.5	47.3
2026-03-10T12:03:38	s1	21.4	43.2
2026-03-10T12:03:38	s2	19.9	46.9
2026-03-10T12:03:38	s3	23.6	43.7
2026-03-10T12:03:39	s1	21.6	44.6
2026-03-10T12:03:39	s2	19.9	42.8
2026-03-10T12:03:39	s3	23.6	47.5
2026-03-10T12:03:40	s1	21.5	47.5
2026-03-10T12:03:40	s2	19.8	47.3
2026-03-10T12:03:40	s3	23.6	42.5
2026-03-10T12:03:41	s1	21.3	43.7
2026-03-10T12:03:41	s2	20.0	47.8
2026-03-10T12:03:41	s3	23.7	46.5
2026-03-10T12:03:42	s1	21.4	42.4
2026-03-10T12:03:42	s2	19.8	44.0
2026-03-10T12:03:42	s3	23.6	46.4
2026-03-10T12:03:43	s1	21.5	42.4
2026-03-10T12:03:43	s2	20.0	47.4
2026-03-10T12:03:43	s3	23.5	42.6
2026-03-10T12:03:44	s1	21.5	45.1
2026-03-10T12:03:44	s2	19.9	45.3
2026-03-10T12:03:44	s3	23.7	45.8
2026-03-10T12:03:45	s1	21.6	45.8
2026-03-10T12:03:45	s2	19.9	45.5
2026-03-10T12:03:45	s3	23.8	43.3
2026-03-10T12:03:46	s1	21.4	44.8
2026-03-10T12:03:46	s2	19.9	43.1
2026-03-10T12:03:46	s3	23.6	42.8
2026-03-10T12:03:47	s1	21.5	42.5
2026-03-10T12:03:47	s2	20.0	46.3
2026-03-10T12:03:47	s3	23.6	44.6
2026-03-10T12:03:48	s1	21.5	45.7
2026-03-10T12:03:48	s2	20.0	42.2
2026-03-10T12:03:48	s3	23.7	45.7
2026-03-10T12:03:49	s1	21.5	43.4
2026-03-10T12:03:49	s2	19.9	45.2
2026-03-10T12:03:49	s3	23.8	47.3
2026-03-10T12:03:50	s1	21.6	47.3
2026-03-10T12:03:50	s2	20.0	44.9
2026-03-10T12:03:50	s3	23.7	45.6
2026-03-10T12:03:51	s1	21.5	43.8
2026-03-10T12:03:51	s2	19.9	47.8
2026-03-10T12:03:51	s3	23.8	46.6
2026-03-10T12:03:52	s1	21.4	44.7
2026-03-10T12:03:52	s2	19.9	44.5
2026-03-10T12:03:52	s3	23.6	47.7
2026-03-10T12:03:53	s1	21.5	44.1
2026-03-10T12:03:53	s2	19.9	42.8
2026-03-10T12:03:53	s3	23.8	47.0
2026-03-10T12:03:54	s1	21.6	45.6
2026-03-10T12:03:54	s2	20.0	42.2
2026-03-10T12:03:54	s3	23.6	43.3
2026-03-10T12:03:55	s1	21.6	44.5
2026-03-10T12:03:55	s2	20.0	43.9
2026-03-10T12:03:55	s3	23.7	44.5
2026-03-10T12:03:56	s1	21.6	44.6
2026-03-10T12:03:56	s2	19.9	42.3
2026-03-10T12:03:56	s3	23.7	43.3
2026-03-10T12:03:57	s1	21.5	42.3
2026-03-10T12:03:57	s2	20.0	43.3
2026-03-10T12:03:57	s3	23.8	45.2
2026-03-10T12:03:58	s1	21.6	42.7
2026-03-10T12:03:58	s2	20.1	45.7
2026-03-10T12:03:58	s3	23.6	45.2
2026-03-10T12:03:59	s1	21.6	42.1
2026-03-10T12:03:59	s2	19.9	46.7
2026-03-10T12:03:59	s3	23.6	44.1
2026-03-10T12:04:00	s1	21.6	42.4
2026-03-10T12:04:00	s2	19.8	43.3
2026-03-10T12:04:00	s3	23.7	47.9
2026-03-10T12:04:01	s1	21.6	44.4
2026-03-10T12:04:01	s2	20.0	43.7
2026-03-10T12:04:01	s3	23.6	44.2
2026-03-10T12:04:02	s1	21.5	45.3
2026-03-10T12:04:02	s2	19.9	42.1
2026-03-10T12:04:02	s3	23.8	46.5
2026-03-10T12:04:03	s1	21.5	45.0
2026-03-10T12:04:03	s2	20.1	42.3
2026-03-10T12:04:03	s3	23.6	42.1
2026-03-10T12:04:04	s1	21.5	46.1
2026-03-10T12:04:04	s2	19.8	46.5
2026-03-10T12:04:04	s3	23.8	44.3
2026-03-10T12:04:05	s1	21.5	46.9
2026-03-10T12:04:05	s2	20.1	47.2
2026-03-10T12:04:05	s3	23.6	45.0
2026-03-10T12:04:06	s1	21.6	46.4
2026-03-10T12:04:06	s2	19.8	46.5
2026-03-10T12:04:06	s3	23.7	47.5
2026-03-10T12:04:07	s1	21.4	45.5
2026-03-10T12:04:07	s2	20.0	47.0
2026-03-10T12:04:07	s3	23.8	46.7
2026-03-10T12:04:08	s1	21.5	46.5
2026-03-10T12:04:08	s2	19.9	44.8
2026-03-10T12:04:08	s3	23.6	47.8
2026-03-10T12:04:09	s1	21.5	44.3
2026-03-10T12:04:09	s2	20.0	43.3
2026-03-10T12:04:09	s3	23.7	43.7
2026-03-10T12:04:10	s1	21.4	46.2
2026-03-10T12:04:10	s2	20.0	44.3
2026-03-10T12:04:10	s3	23.8	46.4
2026-03-10T12:04:11	s1	21.6	46.6
2026-03-10T12:04:11	s2	20.1	44.7
2026-03-10T12:04:11	s3	23.7	42.1
2026-03-10T12:04:12	s1	21.6	44.7
2026-03-10T12:04:12	s2	20.0	42.7
2026-03-10T12:04:12	s3	23.6	42.9
2026-03-10T12:04:13	s1	21.5	42.5
2026-03-10T12:04:13	s2	20.0	43.2
2026-03-10T12:04:13	s3	23.8	45.6
2026-03-10T12:04:14	s1	21.4	44.4
2026-03-10T12:04:14	s2	20.1	45.1
2026-03-10T12:04:14	s3	23.8	46.6
2026-03-10T12:04:15	s1	21.4	45.0
2026-03-10T12:04:15	s2	20.0	46.4
2026-03-10T12:04:15	s3	23.8	42.2
2026-03-10T12:04:16	s1	21.6	45.6
2026-03-10T12:04:16	s2	20.1	43.6
2026-03-10T12:04:16	s3	23.6	45.4
2026-03-10T12:04:17	s1	21.5	45.0
2026-03-10T12:04:17	s2	20.1	43.4
2026-03-10T12:04:17	s3	23.7	44.9
2026-03-10T12:04:18	s1	21.5	46.4
2026-03-10T12:04:18	s2	20.1	47.5
2026-03-10T12:04:18	s3	23.7	42.5
2026-03-10T12:04:19	s1	21.4	42.1
2026-03-10T12:04:19	s2	20.0	42.7
2026-03-10T12:04:19	s3	23.6	47.2
2026-03-10T12:04:20	s1	21.4	47.3
2026-03-10T12:04:20	s2	20.0	45.8
2026-03-10T12:04:20	s3	23.7	42.8
2026-03-10T12:04:21	s1	21.6	44.5
2026-03-10T12:04:21	s2	19.9	42.7
2026-03-10T12:04:21	s3	23.9	46.3
2026-03-10T12:04:22	s1	21.6	43.6
2026-03-10T12:04:22	s2	20.0	47.3
2026-03-10T12:04:22	s3	23.7	43.0
2026-03-10T12:04:23	s1	21.5	46.1
2026-03-10T12:04:23	s2	20.1	47.7
2026-03-10T12:04:23	s3	23.7	45.6
2026-03-10T12:04:24	s1	21.5	43.3
2026-03-10T12:04:24	s2	20.0	46.5
2026-03-10T12:04:24	s3	23.9	47.6
2026-03-10T12:04:25	s1	21.4	46.3
2026-03-10T12:04:25	s2	20.0	43.9
2026-03-10T12:04:25	s3	23.6	44.8
2026-03-10T12:04:26	s1	21.7	42.0
2026-03-10T12:04:26	s2	20.1	43.2
2026-03-10T12:04:26	s3	23.6	44.8
2026-03-10T12:04:27	s1	21.4	45.7
2026-03-10T12:04:27	s2	20.1	42.4
2026-03-10T12:04:27	s3	23.8	47.3
2026-03-10T12:04:28	s1	21.5	42.1
2026-03-10T12:04:28	s2	19.9	43.7
2026-03-10T12:04:28	s3	23.9	44.6
2026-03-10T12:04:29	s1	21.6	44.2
2026-03-10T12:04:29	s2	20.1	47.6
2026-03-10T12:04:29	s3	23.8	45.8
2026-03-10T12:04:30	s1	21.4	45.6
2026-03-10T12:04:30	s2	19.9	43.3
2026-03-10T12:04:30	s3	23.6	45.4
2026-03-10T12:04:31	s1	21.4	45.1
2026-03-10T12:04:31	s2	20.1	44.3
2026-03-10T12:04:31	s3	23.8	47.1
2026-03-10T12:04:32	s1	21.6	47.8
2026-03-10T12:04:32	s2	20.1	45.7
2026-03-10T12:04:32	s3	23.9	43.3
2026-03-10T12:04:33	s1	21.4	43.4
2026-03-10T12:04:33	s2	20.0	47.6
2026-03-10T12:04:33	s3	23.8	42.9
2026-03-10T12:04:34	s1	21.5	42.0
2026-03-10T12:04:34	s2	19.9	47.8
2026-03-10T12:04:34	s3	23.6	46.8
2026-03-10T12:04:35	s1	21.5	44.8
2026-03-10T12:04:35	s2	20.0	46.6
2026-03-10T12:04:35	s3	23.7	44.4
2026-03-10T12:04:36	s1	21.6	46.2
2026-03-10T12:04:36	s2	20.0	47.0
2026-03-10T12:04:36	s3	23.7	42.5
2026-03-10T12:04:37	s1	21.6	43.3
2026-03-10T12:04:37	s2	20.0	45.8
2026-03-10T12:04:37	s3	23.7	42.9
2026-03-10T12:04:38	s1	21.5	44.6
2026-03-10T12:04:38	s2	20.1	43.5
2026-03-10T12:04:38	s3	23.6	47.4
2026-03-10T12:04:39	s1	21.6	43.1
2026-03-10T12:04:39	s2	20.2	47.1
2026-03-10T12:04:39	s3	23.8	44.1
2026-03-10T12:04:40	s1	21.5	45.7
2026-03-10T12:04:40	s2	20.2	47.5
2026-03-10T12:04:40	s3	23.7	44.2
2026-03-10T12:04:41	s1	21.7	48.0
2026-03-10T12:04:41	s2	20.0	44.2
2026-03-10T12:04:41	s3	23.7	45.5
2026-03-10T12:04:42	s1	21.5	47.5
2026-03-10T12:04:42	s2	20.2	45.0
2026-03-10T12:04:42	s3	23.6	43.6
2026-03-10T12:04:43	s1	21.6	45.9
2026-03-10T12:04:43	s2	20.0	48.0
2026-03-10T12:04:43	s3	23.8	43.6
2026-03-10T12:04:44	s1	21.4	45.4
2026-03-10T12:04:44	s2	19.9	46.3
2026-03-10T12:04:44	s3	23.8	45.6
2026-03-10T12:04:45	s1	21.6	43.0
2026-03-10T12:04:45	s2	20.1	45.9
2026-03-10T12:04:45	s3	23.8	42.6
2026-03-10T12:04:46	s1	21.5	45.7
2026-03-10T12:04:46	s2	20.1	46.2
2026-03-10T12:04:46	s3	23.7	47.1
2026-03-10T12:04:47	s1	21.4	47.0
2026-03-10T12:04:47	s2	20.0	44.7
2026-03-10T12:04:47	s3	23.8	43.9
2026-03-10T12:04:48	s1	21.7	43.7
2026-03-10T12:04:48	s2	20.2	45.9
2026-03-10T12:04:48	s3	23.8	44.0
2026-03-10T12:04:49	s1	21.6	47.4
2026-03-10T12:04:49	s2	20.2	43.0
2026-03-10T12:04:49	s3	23.9	46.3
2026-03-10T12:04:50	s1	21.5	42.1
2026-03-10T12:04:50	s2	20.1	44.5
2026-03-10T12:04:50	s3	23.8	42.4
2026-03-10T12:04:51	s1	21.5	46.6
2026-03-10T12:04:51	s2	20.0	43.6
2026-03-10T12:04:51	s3	23.7	42.3
2026-03-10T12:04:52	s1	21.6	46.1
2026-03-10T12:04:52	s2	20.1	45.8
2026-03-10T12:04:52	s3	23.9	47.6
2026-03-10T12:04:53	s1	21.5	45.4
2026-03-10T12:04:53	s2	20.0	44.8
2026-03-10T12:04:53	s3	23.9	42.5
2026-03-10T12:04:54	s1	21.7	42.5
2026-03-10T12:04:54	s2	20.2	43.1
2026-03-10T12:04:54	s3	23.7	43.9
2026-03-10T12:04:55	s1	21.6	42.1
2026-03-10T12:04:55	s2	20.0	42.1
2026-03-10T12:04:55	s3	23.8	44.8
2026-03-10T12:04:56	s1	21.7	47.7
2026-03-10T12:04:56	s2	20.0	46.1
2026-03-10T12:04:56	s3	23.9	47.2
2026-03-10T12:04:57	s1	21.7	46.4
2026-03-10T12:04:57	s2	20.0	44.3
2026-03-10T12:04:57	s3	23.7	43.7
2026-03-10T12:04:58	s1	21.6	44.5
2026-03-10T12:04:58	s2	20.2	43.6
2026-03-10T12:04:58	s3	23.7	47.9
2026-03-10T12:04:59	s1	21.5	44.6
2026-03-10T12:04:59	s2	20.0	44.1
2026-03-10T12:04:59	s3	23.8	46.6
2026-03-10T12:05:00	s1	21.6	47.0
2026-03-10T12:05:00	s2	20.2	43.0
2026-03-10T12:05:00	s3	23.9	45.5
2026-03-10T12:05:01	s1	21.5	45.4
2026-03-10T12:05:01	s2	20.2	44.6
2026-03-10T12:05:01	s3	23.8	46.1
2026-03-10T12:05:02	s1	21.5	44.1
2026-03-10T12:05:02	s2	20.2	45.3
2026-03-10T12:05:02	s3	23.9	43.6
2026-03-10T12:05:03	s1	21.6	43.3
2026-03-10T12:05:03	s2	20.0	43.6
2026-03-10T12:05:03	s3	23.9	45.1
2026-03-10T12:05:04	s1	21.6	44.9
2026-03-10T12:05:04	s2	20.1	43.9
2026-03-10T12:05:04	s3	23.8	45.9
2026-03-10T12:05:05	s1	21.7	43.9
2026-03-10T12:05:05	s2	20.0	44.2
2026-03-10T12:05:05	s3	23.9	43.0
2026-03-10T12:05:06	s1	21.6	44.0
2026-03-10T12:05:06	s2	20.2	43.1
2026-03-10T12:05:06	s3	23.8	43.0
2026-03-10T12:05:07	s1	21.6	46.5
2026-03-10T12:05:07	s2	20.1	45.7
2026-03-10T12:05:07	s3	23.8	46.2
2026-03-10T12:05:08	s1	21.7	44.8
2026-03-10T12:05:08	s2	20.0	46.3
2026-03-10T12:05:08	s3	23.8	44.9
2026-03-10T12:05:09	s1	21.6	42.2
2026-03-10T12:05:09	s2	20.2	43.4
2026-03-10T12:05:09	s3	23.9	47.6
2026-03-10T12:05:10	s1	21.5	44.6
2026-03-10T12:05:10	s2	20.0	45.5
2026-03-10T12:05:10	s3	23.8	43.0
2026-03-10T12:05:11	s1	21.5	43.8
2026-03-10T12:05:11	s2	20.1	46.2
2026-03-10T12:05:11	s3	23.8	47.7
2026-03-10T12:05:12	s1	21.6	42.8
2026-03-10T12:05:12	s2	20.2	46.7
2026-03-10T12:05:12	s3	23.7	42.5
2026-03-10T12:05:13	s1	21.7	42.8
2026-03-10T12:05:13	s2	20.1	44.4
2026-03-10T12:05:13	s3	23.8	46.0
2026-03-10T12:05:14	s1	21.5	43.0
2026-03-10T12:05:14	s2	20.1	43.1
2026-03-10T12:05:14	s3	23.9	44.6
2026-03-10T12:05:15	s1	21.7	42.9
2026-03-10T12:05:15	s2	20.1	46.7
2026-03-10T12:05:15	s3	23.7	43.0
2026-03-10T12:05:16	s1	21.5	45.3
2026-03-10T12:05:16	s2	20.1	43.3
2026-03-10T12:05:16	s3	23.8	44.3
2026-03-10T12:05:17	s1	21.6	43.5
2026-03-10T12:05:17	s2	20.3	44.3
2026-03-10T12:05:17	s3	23.8	47.6
2026-03-10T12:05:18	s1	21.6	44.0
2026-03-10T12:05:18	s2	20.1	46.0
2026-03-10T12:05:18	s3	23.9	45.6
2026-03-10T12:05:19	s1	21.6	44.1
2026-03-10T12:05:19	s2	20.2	47.8
2026-03-10T12:05:19	s3	23.7	47.3
2026-03-10T12:05:20	s1	21.5	43.4
2026-03-10T12:05:20	s2	20.1	45.0
2026-03-10T12:05:20	s3	23.7	45.6
2026-03-10T12:05:21	s1	21.6	42.5
2026-03-10T12:05:21	s2	20.1	45.0
2026-03-10T12:05:21	s3	23.7	43.8
2026-03-10T12:05:22	s1	21.5	44.3
2026-03-10T12:05:22	s2	20.0	42.9
2026-03-10T12:05:22	s3	23.8	46.1
2026-03-10T12:05:23	s1	21.6	43.6
2026-03-10T12:05:23	s2	20.3	43.1
2026-03-10T12:05:23	s3	23.8	45.1
2026-03-10T12:05:24	s1	21.5	46.8
2026-03-10T12:05:24	s2	20.1	46.4
2026-03-10T12:05:24	s3	23.9	44.4
2026-03-10T12:05:25	s1	21.7	43.0
2026-03-10T12:05:25	s2	20.0	45.0
2026-03-10T12:05:25	s3	23.9	42.1
2026-03-10T12:05:26	s1	21.7	46.0
2026-03-10T12:05:26	s2	20.1	42.3
2026-03-10T12:05:26	s3	23.8	46.5
2026-03-10T12:05:27	s1	21.5	46.8
2026-03-10T12:05:27	s2	20.3	45.0
2026-03-10T12:05:27	s3	23.9	46.3
2026-03-10T12:05:28	s1	21.8	47.8
2026-03-10T12:05:28	s2	20.0	43.1
2026-03-10T12:05:28	s3	23.8	46.6
2026-03-10T12:05:29	s1	21.8	42.5
2026-03-10T12:05:29	s2	20.0	47.7
2026-03-10T12:05:29	s3	23.9	43.5
2026-03-10T12:05:30	s1	21.7	45.7
2026-03-10T12:05:30	s2	20.3	44.6
2026-03-10T12:05:30	s3	23.8	42.2
2026-03-10T12:05:31	s1	21.8	44.8
2026-03-10T12:05:31	s2	20.0	45.6
2026-03-10T12:05:31	s3	23.8	44.6
2026-03-10T12:05:32	s1	21.7	46.6
2026-03-10T12:05:32	s2	20.0	43.6
2026-03-10T12:05:32	s3	23.8	44.5
2026-03-10T12:05:33	s1	21.6	43.8
2026-03-10T12:05:33	s2	20.0	42.7
2026-03-10T12:05:33	s3	23.9	45.2
2026-03-10T12:05:34	s1	21.6	43.1
2026-03-10T12:05:34	s2	20.2	42.8
2026-03-10T12:05:34	s3	23.8	45.0
2026-03-10T12:05:35	s1	21.8	44.1
2026-03-10T12:05:35	s2	20.2	45.7
2026-03-10T12:05:35	s3	24.0	47.4
2026-03-10T12:05:36	s1	21.8	46.9
2026-03-10T12:05:36	s2	20.2	42.2
2026-03-10T12:05:36	s3	23.8	42.2
2026-03-10T12:05:37	s1	21.7	46.3
2026-03-10T12:05:37	s2	20.3	42.6
2026-03-10T12:05:37	s3	23.9	46.4
2026-03-10T12:05:38	s1	21.6	45.8
2026-03-10T12:05:38	s2	20.1	44.4
2026-03-10T12:05:38	s3	23.8	46.5
2026-03-10T12:05:39	s1	21.7	46.5
2026-03-10T12:05:39	s2	20.0	47.5
2026-03-10T12:05:39	s3	24.0	46.8
2026-03-10T12:05:40	s1	21.7	48.0
2026-03-10T12:05:40	s2	20.2	45.2
2026-03-10T12:05:40	s3	24.0	46.2
2026-03-10T12:05:41	s1	21.5	45.4
2026-03-10T12:05:41	s2	20.1	47.6
2026-03-10T12:05:41	s3	23.8	46.1
2026-03-10T12:05:42	s1	21.6	45.0
2026-03-10T12:05:42	s2	20.0	44.4
2026-03-10T12:05:42	s3	23.8	43.7
2026-03-10T12:05:43	s1	21.5	43.2
2026-03-10T12:05:43	s2	20.3	45.9
2026-03-10T12:05:43	s3	23.8	44.8
2026-03-10T12:05:44	s1	21.8	45.8
2026-03-10T12:05:44	s2	20.1	43.3
2026-03-10T12:05:44	s3	23.9	43.3
2026-03-10T12:05:45	s1	21.7	46.4
2026-03-10T12:05:45	s2	20.2	44.8
2026-03-10T12:05:45	s3	23.9	45.6
2026-03-10T12:05:46	s1	21.7	44.9
2026-03-10T12:05:46	s2	20.2	44.1
2026-03-10T12:05:46	s3	23.8	46.9
2026-03-10T12:05:47	s1	21.6	47.1
2026-03-10T12:05:47	s2	20.2	45.2
2026-03-10T12:05:47	s3	23.8	44.3
2026-03-10T12:05:48	s1	21.7	46.0
2026-03-10T12:05:48	s2	20.2	42.5
2026-03-10T12:05:48	s3	23.9	47.9
2026-03-10T12:05:49	s1	21.6	46.5
2026-03-10T12:05:49	s2	20.2	43.8
2026-03-10T12:05:49	s3	24.0	44.7
2026-03-10T12:05:50	s1	21.7	42.9
2026-03-10T12:05:50	s2	20.2	45.7
2026-03-10T12:05:50	s3	23.9	44.5
2026-03-10T12:05:51	s1	21.8	46.5
2026-03-10T12:05:51	s2	20.1	46.5
2026-03-10T12:05:51	s3	24.0	44.3
2026-03-10T12:05:52	s1	21.7	44.3
2026-03-10T12:05:52	s2	20.3	42.7
2026-03-10T12:05:52	s3	23.9	43.3
2026-03-10T12:05:53	s1	21.6	43.7
2026-03-10T12:05:53	s2	20.3	46.6
2026-03-10T12:05:53	s3	24.0	47.9
2026-03-10T12:05:54	s1	21.7	44.1
2026-03-10T12:05:54	s2	20.1	47.4
2026-03-10T12:05:54	s3	23.8	46.6
2026-03-10T12:05:55	s1	21.7	46.0
2026-03-10T12:05:55	s2	20.3	45.8
2026-03-10T12:05:55	s3	23.9	45.0
2026-03-10T12:05:56	s1	21.7	43.4
2026-03-10T12:05:56	s2	20.2	46.5
2026-03-10T12:05:56	s3	23.8	47.5
2026-03-10T12:05:57	s1	21.6	47.2
2026-03-10T12:05:57	s2	20.2	42.0
2026-03-10T12:05:57	s3	24.0	46.6
2026-03-10T12:05:58	s1	21.8	46.1
2026-03-10T12:05:58	s2	20.1	45.5
2026-03-10T12:05:58	s3	23.9	44.5
2026-03-10T12:05:59	s1	21.6	42.2
2026-03-10T12:05:59	s2	20.1	45.7
2026-03-10T12:05:59	s3	23.9	42.5
2026-03-10T12:06:00	s1	21.7	44.5
2026-03-10T12:06:00	s2	20.1	45.7
2026-03-10T12:06:00	s3	23.8	45.8
2026-03-10T12:06:01	s1	21.8	47.7
2026-03-10T12:06:01	s2	20.1	45.6
2026-03-10T12:06:01	s3	24.0	44.3
2026-03-10T12:06:02	s1	21.7	43.2
2026-03-10T12:06:02	s2	20.3	44.7
2026-03-10T12:06:02	s3	24.0	43.4
2026-03-10T12:06:03	s1	21.7	46.3
2026-03-10T12:06:03	s2	20.1	42.8
2026-03-10T12:06:03	s3	23.8	42.2
2026-03-10T12:06:04	s1	21.7	44.8
2026-03-10T12:06:04	s2	20.3	44.7
2026-03-10T12:06:04	s3	23.8	43.1
2026-03-10T12:06:05	s1	21.7	45.8
2026-03-10T12:06:05	s2	20.3	47.0
2026-03-10T12:06:05	s3	24.0	47.5
2026-03-10T12:06:06	s1	21.7	46.3
2026-03-10T12:06:06	s2	20.1	46.5
2026-03-10T12:06:06	s3	24.0	44.4
2026-03-10T12:06:07	s1	21.7	44.8
2026-03-10T12:06:07	s2	20.2	46.7
2026-03-10T12:06:07	s3	24.1	47.3
2026-03-10T12:06:08	s1	21.7	46.3
2026-03-10T12:06:08	s2	20.3	47.9
2026-03-10T12:06:08	s3	24.0	44.6
2026-03-10T12:06:09	s1	21.8	42.4
2026-03-10T12:06:09	s2	20.3	47.0
2026-03-10T12:06:09	s3	24.0	42.2
2026-03-10T12:06:10	s1	21.7	47.6
2026-03-10T12:06:10	s2	20.3	44.6
2026-03-10T12:06:10	s3	24.0	42.6
2026-03-10T12:06:11	s1	21.8	46.5
2026-03-10T12:06:11	s2	20.3	46.7
2026-03-10T12:06:11	s3	24.0	44.2
2026-03-10T12:06:12	s1	21.8	42.9
2026-03-10T12:06:12	s2	20.2	44.9
2026-03-10T12:06:12	s3	23.9	44.0
2026-03-10T12:06:13	s1	21.8	44.7
2026-03-10T12:06:13	s2	20.3	46.5
2026-03-10T12:06:13	s3	24.0	44.1
2026-03-10T12:06:14	s1	21.8	44.0
2026-03-10T12:06:14	s2	20.2	43.5
2026-03-10T12:06:14	s3	23.9	42.2
2026-03-10T12:06:15	s1	21.6	45.1
2026-03-10T12:06:15	s2	20.1	47.3
2026-03-10T12:06:15	s3	24.0	46.3
2026-03-10T12:06:16	s1	21.7	46.3
2026-03-10T12:06:16	s2	20.3	43.8
2026-03-10T12:06:16	s3	24.0	46.0
2026-03-10T12:06:17	s1	21.6	46.8
2026-03-10T12:06:17	s2	20.1	45.6
2026-03-10T12:06:17	s3	24.1	43.5
2026-03-10T12:06:18	s1	21.7	47.1
2026-03-10T12:06:18	s2	20.3	42.9
2026-03-10T12:06:18	s3	23.8	44.2
2026-03-10T12:06:19	s1	21.8	47.2
2026-03-10T12:06:19	s2	20.3	44.9
2026-03-10T12:06:19	s3	24.1	47.8
2026-03-10T12:06:20	s1	21.8	45.5
2026-03-10T12:06:20	s2	20.3	45.1
2026-03-10T12:06:20	s3	23.9	47.6
2026-03-10T12:06:21	s1	21.8	47.2
2026-03-10T12:06:21	s2	20.3	44.9
2026-03-10T12:06:21	s3	23.9	46.0
2026-03-10T12:06:22	s1	21.6	43.3
2026-03-10T12:06:22	s2	20.2	42.9
2026-03-10T12:06:22	s3	24.0	46.4
2026-03-10T12:06:23	s1	21.6	43.2
2026-03-10T12:06:23	s2	20.3	45.4
2026-03-10T12:06:23	s3	24.0	42.1
2026-03-10T12:06:24	s1	21.8	46.9
2026-03-10T12:06:24	s2	20.4	47.4
2026-03-10T12:06:24	s3	24.0	44.2
2026-03-10T12:06:25	s1	21.6	45.8
2026-03-10T12:06:25	s2	20.4	45.0
2026-03-10T12:06:25	s3	23.9	47.8
2026-03-10T12:06:26	s1	21.9	45.2
2026-03-10T12:06:26	s2	20.1	46.8
2026-03-10T12:06:26	s3	24.0	45.1
2026-03-10T12:06:27	s1	21.7	46.8
2026-03-10T12:06:27	s2	20.2	47.6
2026-03-10T12:06:27	s3	24.1	43.4
2026-03-10T12:06:28	s1	21.8	43.1
2026-03-10T12:06:28	s2	20.4	43.6
2026-03-10T12:06:28	s3	23.9	46.5
2026-03-10T12:06:29	s1	21.8	47.5
2026-03-10T12:06:29	s2	20.4	42.8
2026-03-10T12:06:29	s3	23.9	43.2
2026-03-10T12:06:30	s1	21.7	46.6
2026-03-10T12:06:30	s2	20.3	42.6
2026-03-10T12:06:30	s3	24.1	42.3
2026-03-10T12:06:31	s1	21.9	42.4
2026-03-10T12:06:31	s2	20.3	44.7
2026-03-10T12:06:31	s3	24.0	42.6
2026-03-10T12:06:32	s1	21.8	45.6
2026-03-10T12:06:32	s2	20.2	42.1
2026-03-10T12:06:32	s3	24.0	47.4
2026-03-10T12:06:33	s1	21.8	44.7
2026-03-10T12:06:33	s2	20.3	45.5
2026-03-10T12:06:33	s3	24.0	46.5
2026-03-10T12:06:34	s1	21.9	43.5
2026-03-10T12:06:34	s2	20.3	43.6
2026-03-10T12:06:34	s3	24.0	44.0
2026-03-10T12:06:35	s1	21.8	43.7
2026-03-10T12:06:35	s2	20.3	43.6
2026-03-10T12:06:35	s3	24.0	44.0
2026-03-10T12:06:36	s1	21.8	45.0
2026-03-10T12:06:36	s2	20.3	42.7
2026-03-10T12:06:36	s3	24.1	43.1
2026-03-10T12:06:37	s1	21.6	47.4
2026-03-10T12:06:37	s2	20.3	45.0
2026-03-10T12:06:37	s3	23.9	46.6
2026-03-10T12:06:38	s1	21.8	42.6
2026-03-10T12:06:38	s2	20.4	44.1
2026-03-10T12:06:38	s3	24.1	46.9
2026-03-10T12:06:39	s1	21.7	42.7
2026-03-10T12:06:39	s2	20.2	43.8
2026-03-10T12:06:39	s3	23.9	46.6
2026-03-10T12:06:40	s1	21.8	46.1
2026-03-10T12:06:40	s2	20.4	43.3
2026-03-10T12:06:40	s3	24.0	43.9
2026-03-10T12:06:41	s1	21.7	44.4
2026-03-10T12:06:41	s2	20.2	42.9
2026-03-10T12:06:41	s3	24.0	44.0
2026-03-10T12:06:42	s1	21.8	44.8
2026-03-10T12:06:42	s2	20.3	44.5
2026-03-10T12:06:42	s3	24.1	43.4
2026-03-10T12:06:43	s1	21.7	47.6
2026-03-10T12:06:43	s2	20.4	44.2
2026-03-10T12:06:43	s3	23.9	46.4
2026-03-10T12:06:44	s1	21.9	43.9
2026-03-10T12:06:44	s2	20.2	45.4
2026-03-10T12:06:44	s3	24.1	42.0
2026-03-10T12:06:45	s1	21.9	42.3
2026-03-10T12:06:45	s2	20.3	45.9
2026-03-10T12:06:45	s3	23.9	44.7
2026-03-10T12:06:46	s1	21.7	46.9
2026-03-10T12:06:46	s2	20.2	46.0
2026-03-10T12:06:46	s3	23.9	47.0
2026-03-10T12:06:47	s1	21.7	44.6
2026-03-10T12:06:47	s2	20.3	45.3
2026-03-10T12:06:47	s3	24.1	46.8
2026-03-10T12:06:48	s1	21.8	44.6
2026-03-10T12:06:48	s2	20.2	42.4
2026-03-10T12:06:48	s3	23.9	46.3
2026-03-10T12:06:49	s1	21.9	45.6
2026-03-10T12:06:49	s2	20.5	47.7
2026-03-10T12:06:49	s3	24.1	44.3
2026-03-10T12:06:50	s1	22.0	46.2
2026-03-10T12:06:50	s2	20.2	47.9
2026-03-10T12:06:50	s3	24.0	42.4
2026-03-10T12:06:51	s1	21.7	44.1
2026-03-10T12:06:51	s2	20.3	44.6
2026-03-10T12:06:51	s3	24.0	44.8
2026-03-10T12:06:52	s1	21.9	42.4
2026-03-10T12:06:52	s2	20.5	46.4
2026-03-10T12:06:52	s3	24.1	47.2
2026-03-10T12:06:53	s1	21.9	45.4
2026-03-10T12:06:53	s2	20.3	44.6
2026-03-10T12:06:53	s3	24.0	45.3
2026-03-10T12:06:54	s1	21.9	45.3
2026-03-10T12:06:54	s2	20.4	46.1
2026-03-10T12:06:54	s3	23.9	46.6
2026-03-10T12:06:55	s1	21.9	46.2
2026-03-10T12:06:55	s2	20.4	47.7
2026-03-10T12:06:55	s3	24.0	46.6
2026-03-10T12:06:56	s1	21.9	43.3
2026-03-10T12:06:56	s2	20.3	43.4
2026-03-10T12:06:56	s3	24.0	43.2
2026-03-10T12:06:57	s1	22.0	43.6
2026-03-10T12:06:57	s2	20.4	47.6
2026-03-10T12:06:57	s3	23.9	45.9
2026-03-10T12:06:58	s1	21.8	46.8
2026-03-10T12:06:58	s2	20.4	47.0
2026-03-10T12:06:58	s3	23.9	47.9
2026-03-10T12:06:59	s1	21.8	45.4
2026-03-10T12:06:59	s2	20.5	47.8
2026-03-10T12:06:59	s3	24.1	44.0
2026-03-10T12:07:00	s1	21.8	43.7
2026-03-10T12:07:00	s2	20.3	42.4
2026-03-10T12:07:00	s3	23.9	42.6
2026-03-10T12:07:01	s1	21.9	42.7
2026-03-10T12:07:01	s2	20.2	45.1
2026-03-10T12:07:01	s3	24.1	45.4
2026-03-10T12:07:02	s1	21.8	45.9
2026-03-10T12:07:02	s2	20.2	42.4
2026-03-10T12:07:02	s3	24.1	46.9
2026-03-10T12:07:03	s1	21.8	47.3
2026-03-10T12:07:03	s2	20.5	42.9
2026-03-10T12:07:03	s3	24.0	43.1
2026-03-10T12:07:04	s1	21.9	44.7
2026-03-10T12:07:04	s2	20.4	46.4
2026-03-10T12:07:04	s3	24.2	47.3
2026-03-10T12:07:05	s1	21.8	43.8
2026-03-10T12:07:05	s2	20.4	44.3
2026-03-10T12:07:05	s3	23.9	43.9
2026-03-10T12:07:06	s1	21.7	47.1
2026-03-10T12:07:06	s2	20.4	46.6
2026-03-10T12:07:06	s3	24.1	45.9
2026-03-10T12:07:07	s1	21.8	46.9
2026-03-10T12:07:07	s2	20.5	47.4
2026-03-10T12:07:07	s3	24.1	45.5
2026-03-10T12:07:08	s1	21.8	42.9
2026-03-10T12:07:08	s2	20.3	42.6
2026-03-10T12:07:08	s3	24.1	47.7
2026-03-10T12:07:09	s1	21.7	42.8
2026-03-10T12:07:09	s2	20.3	42.4
2026-03-10T12:07:09	s3	24.2	47.6
2026-03-10T12:07:10	s1	21.9	43.2
2026-03-10T12:07:10	s2	20.3	47.9
2026-03-10T12:07:10	s3	24.0	47.5
2026-03-10T12:07:11	s1	21.9	42.2
2026-03-10T12:07:11	s2	20.5	47.7
2026-03-10T12:07:11	s3	23.9	47.7
2026-03-10T12:07:12	s1	21.7	47.2
2026-03-10T12:07:12	s2	20.5	43.3
2026-03-10T12:07:12	s3	23.9	44.6
2026-03-10T12:07:13	s1	21.8	46.6
2026-03-10T12:07:13	s2	20.4	42.7
2026-03-10T12:07:13	s3	24.2	45.0
2026-03-10T12:07:14	s1	21.9	45.1
2026-03-10T12:07:14	s2	20.3	43.3
2026-03-10T12:07:14	s3	24.2	46.4
2026-03-10T12:07:15	s1	21.8	48.0
2026-03-10T12:07:15	s2	20.3	43.3
2026-03-10T12:07:15	s3	23.9	45.0
2026-03-10T12:07:16	s1	21.9	45.1
2026-03-10T12:07:16	s2	20.5	42.1
2026-03-10T12:07:16	s3	24.0	44.5
2026-03-10T12:07:17	s1	22.0	42.6
2026-03-10T12:07:17	s2	20.3	43.9
2026-03-10T12:07:17	s3	23.9	47.7
2026-03-10T12:07:18	s1	21.9	43.4
2026-03-10T12:07:18	s2	20.4	45.9
2026-03-10T12:07:18	s3	24.2	47.3
2026-03-10T12:07:19	s1	21.7	47.8
2026-03-10T12:07:19	s2	20.4	47.4
2026-03-10T12:07:19	s3	23.9	47.1
2026-03-10T12:07:20	s1	21.8	42.1
2026-03-10T12:07:20	s2	20.4	42.8
2026-03-10T12:07:20	s3	24.1	42.2
2026-03-10T12:07:21	s1	21.9	43.3
2026-03-10T12:07:21	s2	20.5	43.8
2026-03-10T12:07:21	s3	24.1	46.9
2026-03-10T12:07:22	s1	21.9	43.0
2026-03-10T12:07:22	s2	20.4	42.9
2026-03-10T12:07:22	s3	24.2	46.0
2026-03-10T12:07:23	s1	21.8	47.5
2026-03-10T12:07:23	s2	20.5	42.2
2026-03-10T12:07:23	s3	24.0	44.4
2026-03-10T12:07:24	s1	21.8	47.0
2026-03-10T12:07:24	s2	20.4	42.2
2026-03-10T12:07:24	s3	23.9	42.2
2026-03-10T12:07:25	s1	21.9	46.4
2026-03-10T12:07:25	s2	20.3	44.4
2026-03-10T12:07:25	s3	24.1	46.6
2026-03-10T12:07:26	s1	22.0	43.0
2026-03-10T12:07:26	s2	20.3	44.1
2026-03-10T12:07:26	s3	24.0	44.5
2026-03-10T12:07:27	s1	21.8	47.8
2026-03-10T12:07:27	s2	20.4	44.5
2026-03-10T12:07:27	s3	24.2	44.6
2026-03-10T12:07:28	s1	22.0	46.9
2026-03-10T12:07:28	s2	20.2	44.9
2026-03-10T12:07:28	s3	24.2	43.5
2026-03-10T12:07:29	s1	21.8	45.2
2026-03-10T12:07:29	s2	20.5	46.0
2026-03-10T12:07:29	s3	24.0	45.0
2026-03-10T12:07:30	s1	22.0	45.4
2026-03-10T12:07:30	s2	20.3	45.1
2026-03-10T12:07:30	s3	24.2	42.9
2026-03-10T12:07:31	s1	21.9	46.5
2026-03-10T12:07:31	s2	20.5	43.7
2026-03-10T12:07:31	s3	24.1	43.5
2026-03-10T12:07:32	s1	21.8	46.4
2026-03-10T12:07:32	s2	20.3	46.3
2026-03-10T12:07:32	s3	24.1	45.5
2026-03-10T12:07:33	s1	21.9	47.9
2026-03-10T12:07:33	s2	20.3	47.4
2026-03-10T12:07:33	s3	24.1	44.2
2026-03-10T12:07:34	s1	21.8	46.4
2026-03-10T12:07:34	s2	20.5	46.5
2026-03-10T12:07:34	s3	24.2	45.8
2026-03-10T12:07:35	s1	22.0	47.9
2026-03-10T12:07:35	s2	20.3	45.8
2026-03-10T12:07:35	s3	24.2	43.4
2026-03-10T12:07:36	s1	21.9	42.1
2026-03-10T12:07:36	s2	20.4	47.1
2026-03-10T12:07:36	s3	24.0	47.2
2026-03-10T12:07:37	s1	22.1	44.4
2026-03-10T12:07:37	s2	20.6	44.7
2026-03-10T12:07:37	s3	24.0	44.6
2026-03-10T12:07:38	s1	22.0	45.9
2026-03-10T12:07:38	s2	20.4	44.0
2026-03-10T12:07:38	s3	24.3	43.1
2026-03-10T12:07:39	s1	21.9	47.2
2026-03-10T12:07:39	s2	20.5	44.7
2026-03-10T12:07:39	s3	24.0	47.1
2026-03-10T12:07:40	s1	22.0	43.6
2026-03-10T12:07:40	s2	20.5	44.6
2026-03-10T12:07:40	s3	24.0	45.3
2026-03-10T12:07:41	s1	21.8	47.9
2026-03-10T12:07:41	s2	20.5	42.7
2026-03-10T12:07:41	s3	24.2	42.8
2026-03-10T12:07:42	s1	21.9	44.7
2026-03-10T12:07:42	s2	20.4	47.6
2026-03-10T12:07:42	s3	24.3	47.8
2026-03-10T12:07:43	s1	21.8	46.9
2026-03-10T12:07:43	s2	20.5	45.1
2026-03-10T12:07:43	s3	24.0	46.1
2026-03-10T12:07:44	s1	22.0	43.2
2026-03-10T12:07:44	s2	20.5	45.2
2026-03-10T12:07:44	s3	24.2	45.4
2026-03-10T12:07:45	s1	21.9	42.3
2026-03-10T12:07:45	s2	20.4	45.2
2026-03-10T12:07:45	s3	24.2	48.0
2026-03-10T12:07:46	s1	21.8	43.0
2026-03-10T12:07:46	s2	20.5	45.8
2026-03-10T12:07:46	s3	24.2	43.4
2026-03-10T12:07:47	s1	22.1	46.3
2026-03-10T12:07:47	s2	20.4	47.7
2026-03-10T12:07:47	s3	24.1	43.2
2026-03-10T12:07:48	s1	21.8	47.8
2026-03-10T12:07:48	s2	20.4	44.3
2026-03-10T12:07:48	s3	24.1	44.5
2026-03-10T12:07:49	s1	21.9	43.9
2026-03-10T12:07:49	s2	20.5	43.8
2026-03-10T12:07:49	s3	24.0	46.3
2026-03-10T12:07:50	s1	22.0	43.3
2026-03-10T12:07:50	s2	20.5	45.6
2026-03-10T12:07:50	s3	24.0	46.5
2026-03-10T12:07:51	s1	21.8	44.9
2026-03-10T12:07:51	s2	20.3	47.8
2026-03-10T12:07:51	s3	24.3	47.9
2026-03-10T12:07:52	s1	21.9	43.0
2026-03-10T12:07:52	s2	20.4	45.5
2026-03-10T12:07:52	s3	24.1	44.1
2026-03-10T12:07:53	s1	21.9	47.7
2026-03-10T12:07:53	s2	20.3	44.4
2026-03-10T12:07:53	s3	24.2	45.5
2026-03-10T12:07:54	s1	22.0	43.2
2026-03-10T12:07:54	s2	20.3	43.7
2026-03-10T12:07:54	s3	24.1	45.8
2026-03-10T12:07:55	s1	22.0	45.1
2026-03-10T12:07:55	s2	20.5	45.6
2026-03-10T12:07:55	s3	24.1	44.6
2026-03-10T12:07:56	s1	22.0	45.2
2026-03-10T12:07:56	s2	20.5	42.9
2026-03-10T12:07:56	s3	24.3	46.5
2026-03-10T12:07:57	s1	22.0	47.3
2026-03-10T12:07:57	s2	20.6	42.2
2026-03-10T12:07:57	s3	24.3	43.5
2026-03-10T12:07:58	s1	22.0	44.6
2026-03-10T12:07:58	s2	20.4	46.3
2026-03-10T12:07:58	s3	24.3	44.9
2026-03-10T12:07:59	s1	21.9	45.1
2026-03-10T12:07:59	s2	20.3	46.4
2026-03-10T12:07:59	s3	24.3	47.2
2026-03-10T12:08:00	s1	21.9	47.1
2026-03-10T12:08:00	s2	20.5	46.2
2026-03-10T12:08:00	s3	24.1	42.3
2026-03-10T12:08:01	s1	21.8	46.6
2026-03-10T12:08:01	s2	20.6	46.4
2026-03-10T12:08:01	s3	24.3	45.8
2026-03-10T12:08:02	s1	21.9	46.0
2026-03-10T12:08:02	s2	20.4	44.1
2026-03-10T12:08:02	s3	24.0	46.3
2026-03-10T12:08:03	s1	22.0	45.5
2026-03-10T12:08:03	s2	20.4	44.6
2026-03-10T12:08:03	s3	24.1	48.0
2026-03-10T12:08:04	s1	22.1	44.9
2026-03-10T12:08:04	s2	20.5	45.4
2026-03-10T12:08:04	s3	24.2	47.2
2026-03-10T12:08:05	s1	22.0	42.3
2026-03-10T12:08:05	s2	20.4	47.0
2026-03-10T12:08:05	s3	24.2	42.6
2026-03-10T12:08:06	s1	21.8	47.8
2026-03-10T12:08:06	s2	20.4	45.5
2026-03-10T12:08:06	s3	24.2	45.6
2026-03-10T12:08:07	s1	22.1	46.3
2026-03-10T12:08:07	s2	20.3	45.9
2026-03-10T12:08:07	s3	24.2	44.8
2026-03-10T12:08:08	s1	22.1	42.2
2026-03-10T12:08:08	s2	20.4	46.8
2026-03-10T12:08:08	s3	24.2	44.6
2026-03-10T12:08:09	s1	22.1	43.3
2026-03-10T12:08:09	s2	20.4	45.8
2026-03-10T12:08:09	s3	24.1	43.8
2026-03-10T12:08:10	s1	22.0	42.2
2026-03-10T12:08:10	s2	20.5	47.3
2026-03-10T12:08:10	s3	24.1	46.1
2026-03-10T12:08:11	s1	21.9	47.8
2026-03-10T12:08:11	s2	20.4	46.7
2026-03-10T12:08:11	s3	24.1	46.2
2026-03-10T12:08:12	s1	22.0	46.6
2026-03-10T12:08:12	s2	20.4	45.4
2026-03-10T12:08:12	s3	24.3	45.9
2026-03-10T12:08:13	s1	22.1	46.5
2026-03-10T12:08:13	s2	20.6	43.0
2026-03-10T12:08:13	s3	24.2	42.5
2026-03-10T12:08:14	s1	21.9	45.2
2026-03-10T12:08:14	s2	20.6	47.8
2026-03-10T12:08:14	s3	24.1	43.8
2026-03-10T12:08:15	s1	22.1	42.5
2026-03-10T12:08:15	s2	20.5	45.7
2026-03-10T12:08:15	s3	24.2	46.5
2026-03-10T12:08:16	s1	21.9	47.1
2026-03-10T12:08:16	s2	20.5	44.0
2026-03-10T12:08:16	s3	24.2	44.2
2026-03-10T12:08:17	s1	21.9	43.0
2026-03-10T12:08:17	s2	20.3	43.1
2026-03-10T12:08:17	s3	24.1	45.0
2026-03-10T12:08:18	s1	22.0	43.8
2026-03-10T12:08:18	s2	20.5	43.1
2026-03-10T12:08:18	s3	24.2	42.5
2026-03-10T12:08:19	s1	21.9	46.3
2026-03-10T12:08:19	s2	20.6	46.0
2026-03-10T12:08:19	s3	24.3	42.9
2026-03-10T12:08:20	s1	22.0	44.1
2026-03-10T12:08:20	s2	20.4	44.3
2026-03-10T12:08:20	s3	24.3	46.4
2026-03-10T12:08:21	s1	22.1	46.8
2026-03-10T12:08:21	s2	20.5	47.8
2026-03-10T12:08:21	s3	24.1	43.3
2026-03-10T12:08:22	s1	22.1	43.5
2026-03-10T12:08:22	s2	20.4	48.0
2026-03-10T12:08:22	s3	24.1	43.3
2026-03-10T12:08:23	s1	22.1	43.3
2026-03-10T12:08:23	s2	20.6	44.6
2026-03-10T12:08:23	s3	24.3	42.9
2026-03-10T12:08:24	s1	21.9	47.8
2026-03-10T12:08:24	s2	20.6	44.9
2026-03-10T12:08:24	s3	24.2	45.3
2026-03-10T12:08:25	s1	22.2	43.2
2026-03-10T12:08:25	s2	20.4	45.1
2026-03-10T12:08:25	s3	24.2	45.5
2026-03-10T12:08:26	s1	22.1	44.3
2026-03-10T12:08:26	s2	20.4	46.8
2026-03-10T12:08:26	s3	24.2	46.8
2026-03-10T12:08:27	s1	22.0	44.2
2026-03-10T12:08:27	s2	20.6	43.4
2026-03-10T12:08:27	s3	24.2	42.5
2026-03-10T12:08:28	s1	22.1	43.9
2026-03-10T12:08:28	s2	20.6	46.2
2026-03-10T12:08:28	s3	24.3	45.5
2026-03-10T12:08:29	s1	21.9	47.5
2026-03-10T12:08:29	s2	20.7	46.3
2026-03-10T12:08:29	s3	24.2	42.6
2026-03-10T12:08:30	s1	22.1	43.4
2026-03-10T12:08:30	s2	20.5	46.2
2026-03-10T12:08:30	s3	24.4	46.9
2026-03-10T12:08:31	s1	21.9	43.6
2026-03-10T12:08:31	s2	20.6	44.8
2026-03-10T12:08:31	s3	24.2	45.5
2026-03-10T12:08:32	s1	21.9	48.0
2026-03-10T12:08:32	s2	20.4	44.7
2026-03-10T12:08:32	s3	24.3	47.4
2026-03-10T12:08:33	s1	22.0	46.2
2026-03-10T12:08:33	s2	20.4	44.1
2026-03-10T12:08:33	s3	24.4	43.7
2026-03-10T12:08:34	s1	22.0	47.4
2026-03-10T12:08:34	s2	20.4	45.6
2026-03-10T12:08:34	s3	24.2	46.6
2026-03-10T12:08:35	s1	21.9	44.4
2026-03-10T12:08:35	s2	20.6	43.9
2026-03-10T12:08:35	s3	24.3	43.8
2026-03-10T12:08:36	s1	21.9	46.8
2026-03-10T12:08:36	s2	20.5	44.4
2026-03-10T12:08:36	s3	24.3	47.9
2026-03-10T12:08:37	s1	22.1	47.2
2026-03-10T12:08:37	s2	20.7	42.3
2026-03-10T12:08:37	s3	24.3	45.5
2026-03-10T12:08:38	s1	22.1	42.4
2026-03-10T12:08:38	s2	20.4	44.5
2026-03-10T12:08:38	s3	24.1	43.2
2026-03-10T12:08:39	s1	22.2	46.6
2026-03-10T12:08:39	s2	20.7	47.0
2026-03-10T12:08:39	s3	24.1	47.6
2026-03-10T12:08:40	s1	22.1	44.0
2026-03-10T12:08:40	s2	20.4	44.4
2026-03-10T12:08:40	s3	24.3	46.1
2026-03-10T12:08:41	s1	22.1	44.3
2026-03-10T12:08:41	s2	20.5	47.1
2026-03-10T12:08:41	s3	24.1	43.9
2026-03-10T12:08:42	s1	21.9	44.6
2026-03-10T12:08:42	s2	20.5	42.5
2026-03-10T12:08:42	s3	24.2	43.2
2026-03-10T12:08:43	s1	22.0	45.9
2026-03-10T12:08:43	s2	20.4	44.7
2026-03-10T12:08:43	s3	24.1	43.5
2026-03-10T12:08:44	s1	22.2	42.4
2026-03-10T12:08:44	s2	20.6	46.1
2026-03-10T12:08:44	s3	24.1	42.0
2026-03-10T12:08:45	s1	22.2	42.1
2026-03-10T12:08:45	s2	20.5	43.8
2026-03-10T12:08:45	s3	24.3	45.4
2026-03-10T12:08:46	s1	22.0	42.4
2026-03-10T12:08:46	s2	20.5	45.8
2026-03-10T12:08:46	s3	24.2	45.2
2026-03-10T12:08:47	s1	22.2	42.6
2026-03-10T12:08:47	s2	20.6	42.9
2026-03-10T12:08:47	s3	24.2	43.1
2026-03-10T12:08:48	s1	22.0	47.1
2026-03-10T12:08:48	s2	20.6	45.0
2026-03-10T12:08:48	s3	24.3	44.7
2026-03-10T12:08:49	s1	22.1	47.6
2026-03-10T12:08:49	s2	20.7	46.8
2026-03-10T12:08:49	s3	24.1	47.6
2026-03-10T12:08:50	s1	22.2	42.6
2026-03-10T12:08:50	s2	20.6	45.5
2026-03-10T12:08:50	s3	24.2	42.6
2026-03-10T12:08:51	s1	22.0	42.9
2026-03-10T12:08:51	s2	20.6	44.0
2026-03-10T12:08:51	s3	24.2	46.0
2026-03-10T12:08:52	s1	22.2	46.7
2026-03-10T12:08:52	s2	20.7	46.0
2026-03-10T12:08:52	s3	24.1	43.5
2026-03-10T12:08:53	s1	22.0	47.8
2026-03-10T12:08:53	s2	20.6	46.8
2026-03-10T12:08:53	s3	24.1	42.4
2026-03-10T12:08:54	s1	22.2	44.9
2026-03-10T12:08:54	s2	20.7	46.0
2026-03-10T12:08:54	s3	24.3	45.5
2026-03-10T12:08:55	s1	22.2	42.5
2026-03-10T12:08:55	s2	20.6	47.5
2026-03-10T12:08:55	s3	24.3	46.2
2026-03-10T12:08:56	s1	22.1	46.5
2026-03-10T12:08:56	s2	20.6	43.7
2026-03-10T12:08:56	s3	24.2	46.6
2026-03-10T12:08:57	s1	22.0	45.8
2026-03-10T12:08:57	s2	20.5	44.3
2026-03-10T12:08:57	s3	24.3	44.9
2026-03-10T12:08:58	s1	22.0	44.9
2026-03-10T12:08:58	s2	20.5	45.0
2026-03-10T12:08:58	s3	24.4	43.7
2026-03-10T12:08:59	s1	22.1	42.3
2026-03-10T12:08:59	s2	20.7	43.1
2026-03-10T12:08:59	s3	24.2	47.4
2026-03-10T12:09:00	s1	22.2	45.4
2026-03-10T12:09:00	s2	20.5	43.9
2026-03-10T12:09:00	s3	24.1	42.2
2026-03-10T12:09:01	s1	22.2	44.3
2026-03-10T12:09:01	s2	20.5	45.2
2026-03-10T12:09:01	s3	24.4	46.1
2026-03-10T12:09:02	s1	22.1	45.1
2026-03-10T12:09:02	s2	20.7	45.1
2026-03-10T12:09:02	s3	24.3	42.3
2026-03-10T12:09:03	s1	22.0	44.7
2026-03-10T12:09:03	s2	20.5	43.3
2026-03-10T12:09:03	s3	24.2	46.3
2026-03-10T12:09:04	s1	22.1	45.4
2026-03-10T12:09:04	s2	20.6	42.3
2026-03-10T12:09:04	s3	24.3	47.4
2026-03-10T12:09:05	s1	22.0	43.7
2026-03-10T12:09:05	s2	20.7	46.0
2026-03-10T12:09:05	s3	24.4	44.0
2026-03-10T12:09:06	s1	22.0	44.3
2026-03-10T12:09:06	s2	20.5	47.5
2026-03-10T12:09:06	s3	24.3	42.9
2026-03-10T12:09:07	s1	22.1	45.7
2026-03-10T12:09:07	s2	20.5	47.5
2026-03-10T12:09:07	s3	24.3	46.3
2026-03-10T12:09:08	s1	22.2	43.9
2026-03-10T12:09:08	s2	20.7	45.9
2026-03-10T12:09:08	s3	24.4	44.5
2026-03-10T12:09:09	s1	21.9	46.9
2026-03-10T12:09:09	s2	20.6	47.1
2026-03-10T12:09:09	s3	24.2	46.7
2026-03-10T12:09:10	s1	22.0	42.1
2026-03-10T12:09:10	s2	20.7	42.3
2026-03-10T12:09:10	s3	24.4	42.8
2026-03-10T12:09:11	s1	22.2	42.4
2026-03-10T12:09:11	s2	20.5	43.0
2026-03-10T12:09:11	s3	24.4	42.4
2026-03-10T12:09:12	s1	22.1	43.0
2026-03-10T12:09:12	s2	20.7	47.7
2026-03-10T12:09:12	s3	24.4	46.2
2026-03-10T12:09:13	s1	22.0	43.7
2026-03-10T12:09:13	s2	20.7	43.6
2026-03-10T12:09:13	s3	24.4	44.4
2026-03-10T12:09:14	s1	22.2	43.2
2026-03-10T12:09:14	s2	20.5	47.1
2026-03-10T12:09:14	s3	24.2	45.1
2026-03-10T12:09:15	s1	22.0	44.9
2026-03-10T12:09:15	s2	20.5	42.2
2026-03-10T12:09:15	s3	24.3	42.5
2026-03-10T12:09:16	s1	22.2	42.4
2026-03-10T12:09:16	s2	20.6	44.2
2026-03-10T12:09:16	s3	24.4	44.7
2026-03-10T12:09:17	s1	22.2	46.0
2026-03-10T12:09:17	s2	20.6	47.8
2026-03-10T12:09:17	s3	24.4	46.3
2026-03-10T12:09:18	s1	22.0	42.1
2026-03-10T12:09:18	s2	20.5	47.2
2026-03-10T12:09:18	s3	24.2	43.1
2026-03-10T12:09:19	s1	22.1	47.4
2026-03-10T12:09:19	s2	20.5	44.3
2026-03-10T12:09:19	s3	24.5	45.0
2026-03-10T12:09:20	s1	22.0	45.8
2026-03-10T12:09:20	s2	20.6	46.3
2026-03-10T12:09:20	s3	24.2	44.6
2026-03-10T12:09:21	s1	22.2	45.6
2026-03-10T12:09:21	s2	20.6	43.0
2026-03-10T12:09:21	s3	24.3	43.9
2026-03-10T12:09:22	s1	22.0	42.4
2026-03-10T12:09:22	s2	20.6	42.1
2026-03-10T12:09:22	s3	24.4	46.3
2026-03-10T12:09:23	s1	22.1	42.2
2026-03-10T12:09:23	s2	20.7	46.1
2026-03-10T12:09:23	s3	24.2	42.0
2026-03-10T12:09:24	s1	22.0	44.3
2026-03-10T12:09:24	s2	20.6	47.1
2026-03-10T12:09:24	s3	24.4	42.2
2026-03-10T12:09:25	s1	22.1	42.1
2026-03-10T12:09:25	s2	20.7	44.9
2026-03-10T12:09:25	s3	24.3	44.3
2026-03-10T12:09:26	s1	22.2	44.3
2026-03-10T12:09:26	s2	20.8	43.4
2026-03-10T12:09:26	s3	24.3	43.5
2026-03-10T12:09:27	s1	22.3	45.8
2026-03-10T12:09:27	s2	20.6	47.4
2026-03-10T12:09:27	s3	24.3	47.3
2026-03-10T12:09:28	s1	22.1	43.7
2026-03-10T12:09:28	s2	20.7	47.8
2026-03-10T12:09:28	s3	24.3	43.5
2026-03-10T12:09:29	s1	22.0	46.4
2026-03-10T12:09:29	s2	20.6	43.8
2026-03-10T12:09:29	s3	24.2	44.5
2026-03-10T12:09:30	s1	22.3	47.1
2026-03-10T12:09:30	s2	20.8	42.8
2026-03-10T12:09:30	s3	24.4	43.2
2026-03-10T12:09:31	s1	22.1	47.3
2026-03-10T12:09:31	s2	20.6	44.7
2026-03-10T12:09:31	s3	24.5	44.8
2026-03-10T12:09:32	s1	22.1	46.0
2026-03-10T12:09:32	s2	20.5	45.2
2026-03-10T12:09:32	s3	24.3	46.3
2026-03-10T12:09:33	s1	22.2	47.7
2026-03-10T12:09:33	s2	20.7	46.7
2026-03-10T12:09:33	s3	24.3	44.8
2026-03-10T12:09:34	s1	22.3	46.8
2026-03-10T12:09:34	s2	20.6	43.8
2026-03-10T12:09:34	s3	24.3	44.8
2026-03-10T12:09:35	s1	22.2	44.7
2026-03-10T12:09:35	s2	20.8	47.7
2026-03-10T12:09:35	s3	24.5	44.5
2026-03-10T12:09:36	s1	22.1	44.0
2026-03-10T12:09:36	s2	20.8	46.0
2026-03-10T12:09:36	s3	24.5	44.6
2026-03-10T12:09:37	s1	22.3	42.1
2026-03-10T12:09:37	s2	20.6	45.4
2026-03-10T12:09:37	s3	24.3	47.9
2026-03-10T12:09:38	s1	22.2	46.6
2026-03-10T12:09:38	s2	20.7	45.5
2026-03-10T12:09:38	s3	24.4	42.9
2026-03-10T12:09:39	s1	22.1	43.5
2026-03-10T12:09:39	s2	20.7	46.6
2026-03-10T12:09:39	s3	24.4	45.7
2026-03-10T12:09:40	s1	22.2	45.2
2026-03-10T12:09:40	s2	20.7	42.2
2026-03-10T12:09:40	s3	24.2	42.4
2026-03-10T12:09:41	s1	22.0	47.5
2026-03-10T12:09:41	s2	20.8	44.0
2026-03-10T12:09:41	s3	24.2	47.6
2026-03-10T12:09:42	s1	22.1	46.5
2026-03-10T12:09:42	s2	20.8	43.8
2026-03-10T12:09:42	s3	24.2	45.7
2026-03-10T12:09:43	s1	22.1	47.4
2026-03-10T12:09:43	s2	20.6	44.0
2026-03-10T12:09:43	s3	24.3	43.8
2026-03-10T12:09:44	s1	22.3	43.0
2026-03-10T12:09:44	s2	20.8	43.0
2026-03-10T12:09:44	s3	24.3	47.5
2026-03-10T12:09:45	s1	22.1	45.4
2026-03-10T12:09:45	s2	20.7	46.2
2026-03-10T12:09:45	s3	24.3	47.1
2026-03-10T12:09:46	s1	22.1	42.7
2026-03-10T12:09:46	s2	20.8	47.5
2026-03-10T12:09:46	s3	24.2	42.2
2026-03-10T12:09:47	s1	22.3	44.8
2026-03-10T12:09:47	s2	20.7	46.6
2026-03-10T12:09:47	s3	24.4	47.9
2026-03-10T12:09:48	s1	22.1	44.6
2026-03-10T12:09:48	s2	20.7	44.7
2026-03-10T12:09:48	s3	24.2	45.0
2026-03-10T12:09:49	s1	22.2	44.1
2026-03-10T12:09:49	s2	20.6	42.5
2026-03-10T12:09:49	s3	24.3	43.1
2026-03-10T12:09:50	s1	22.2	46.1
2026-03-10T12:09:50	s2	20.8	42.7
2026-03-10T12:09:50	s3	24.5	47.8
2026-03-10T12:09:51	s1	22.1	45.8
2026-03-10T12:09:51	s2	20.6	46.8
2026-03-10T12:09:51	s3	24.5	44.1
2026-03-10T12:09:52	s1	22.3	45.0
2026-03-10T12:09:52	s2	20.7	45.5
2026-03-10T12:09:52	s3	24.5	44.2
2026-03-10T12:09:53	s1	22.1	45.1
2026-03-10T12:09:53	s2	20.8	47.4
2026-03-10T12:09:53	s3	24.2	43.9
2026-03-10T12:09:54	s1	22.1	45.9
2026-03-10T12:09:54	s2	20.7	43.6
2026-03-10T12:09:54	s3	24.5	44.0
2026-03-10T12:09:55	s1	22.1	48.0
2026-03-10T12:09:55	s2	20.7	46.0
2026-03-10T12:09:55	s3	24.3	42.2
2026-03-10T12:09:56	s1	22.3	47.6
2026-03-10T12:09:56	s2	20.5	45.4
2026-03-10T12:09:56	s3	24.3	43.2
2026-03-10T12:09:57	s1	22.2	44.3
2026-03-10T12:09:57	s2	20.8	43.6
2026-03-10T12:09:57	s3	24.4	44.2
2026-03-10T12:09:58	s1	22.2	48.0
2026-03-10T12:09:58	s2	20.7	46.2
2026-03-10T12:09:58	s3	24.3	44.1
2026-03-10T12:09:59	s1	22.1	43.2
2026-03-10T12:09:59	s2	20.6	42.5
2026-03-10T12:09:59	s3	24.4	46.0
2026-03-10T12:10:00	s1	22.3	47.5
2026-03-10T12:10:00	s2	20.8	47.4
2026-03-10T12:10:00	s3	24.3	42.8
2026-03-10T12:10:01	s1	22.3	43.5
2026-03-10T12:10:01	s2	20.6	42.4
2026-03-10T12:10:01	s3	24.4	43.4
2026-03-10T12:10:02	s1	22.1	42.5
2026-03-10T12:10:02	s2	20.8	46.4
2026-03-10T12:10:02	s3	24.4	47.5
2026-03-10T12:10:03	s1	22.1	45.5
2026-03-10T12:10:03	s2	20.8	47.8
2026-03-10T12:10:03	s3	24.4	44.0
2026-03-10T12:10:04	s1	22.3	45.7
2026-03-10T12:10:04	s2	20.6	42.8
2026-03-10T12:10:04	s3	24.5	47.6
2026-03-10T12:10:05	s1	22.1	46.3
2026-03-10T12:10:05	s2	20.6	44.6
2026-03-10T12:10:05	s3	24.5	43.3
2026-03-10T12:10:06	s1	22.3	44.3
2026-03-10T12:10:06	s2	20.7	43.2
2026-03-10T12:10:06	s3	24.5	46.2
2026-03-10T12:10:07	s1	22.2	46.2
2026-03-10T12:10:07	s2	20.7	46.4
2026-03-10T12:10:07	s3	24.4	47.2
2026-03-10T12:10:08	s1	22.2	45.0
2026-03-10T12:10:08	s2	20.6	47.8
2026-03-10T12:10:08	s3	24.3	47.3
2026-03-10T12:10:09	s1	22.2	43.1
2026-03-10T12:10:09	s2	20.6	46.6
2026-03-10T12:10:09	s3	24.3	47.1
2026-03-10T12:10:10	s1	22.3	43.4
2026-03-10T12:10:10	s2	20.7	47.0
2026-03-10T12:10:10	s3	24.4	44.5
2026-03-10T12:10:11	s1	22.3	43.3
2026-03-10T12:10:11	s2	20.6	44.1
2026-03-10T12:10:11	s3	24.3	42.0
2026-03-10T12:10:12	s1	22.3	46.1
2026-03-10T12:10:12	s2	20.7	43.0
2026-03-10T12:10:12	s3	24.3	45.0
2026-03-10T12:10:13	s1	22.3	42.4
2026-03-10T12:10:13	s2	20.8	44.6
2026-03-10T12:10:13	s3	24.5	47.4
2026-03-10T12:10:14	s1	22.2	47.9
2026-03-10T12:10:14	s2	20.8	43.9
2026-03-10T12:10:14	s3	24.5	47.5
2026-03-10T12:10:15	s1	22.3	45.6
2026-03-10T12:10:15	s2	20.9	45.4
2026-03-10T12:10:15	s3	24.5	43.9
2026-03-10T12:10:16	s1	22.2	46.9
2026-03-10T12:10:16	s2	20.7	43.8
2026-03-10T12:10:16	s3	24.4	45.3
2026-03-10T12:10:17	s1	22.3	43.4
2026-03-10T12:10:17	s2	20.6	46.1
2026-03-10T12:10:17	s3	24.4	47.3
2026-03-10T12:10:18	s1	22.2	46.8
2026-03-10T12:10:18	s2	20.9	44.4
2026-03-10T12:10:18	s3	24.5	44.8
2026-03-10T12:10:19	s1	22.1	46.4
2026-03-10T12:10:19	s2	20.7	47.7
2026-03-10T12:10:19	s3	24.5	46.7
2026-03-10T12:10:20	s1	22.2	47.2
2026-03-10T12:10:20	s2	20.6	44.2
2026-03-10T12:10:20	s3	24.4	46.9
2026-03-10T12:10:21	s1	22.4	42.9
2026-03-10T12:10:21	s2	20.9	43.3
2026-03-10T12:10:21	s3	24.3	44.8
2026-03-10T12:10:22	s1	22.2	43.2
2026-03-10T12:10:22	s2	20.7	42.9
2026-03-10T12:10:22	s3	24.5	47.1
2026-03-10T12:10:23	s1	22.2	43.1
2026-03-10T12:10:23	s2	20.8	45.0
2026-03-10T12:10:23	s3	24.4	47.1
2026-03-10T12:10:24	s1	22.2	46.0
2026-03-10T12:10:24	s2	20.7	42.6
2026-03-10T12:10:24	s3	24.6	46.2
2026-03-10T12:10:25	s1	22.3	42.8
2026-03-10T12:10:25	s2	20.8	45.0
2026-03-10T12:10:25	s3	24.4	44.9
2026-03-10T12:10:26	s1	22.4	45.8
2026-03-10T12:10:26	s2	20.7	43.9
2026-03-10T12:10:26	s3	24.5	45.7
2026-03-10T12:10:27	s1	22.3	45.2
2026-03-10T12:10:27	s2	20.7	44.2
2026-03-10T12:10:27	s3	24.5	42.8
2026-03-10T12:10:28	s1	22.3	44.8
2026-03-10T12:10:28	s2	20.6	44.2
2026-03-10T12:10:28	s3	24.4	47.7
2026-03-10T12:10:29	s1	22.3	47.5
2026-03-10T12:10:29	s2	20.9	45.8
2026-03-10T12:10:29	s3	24.6	44.9
2026-03-10T12:10:30	s1	22.2	44.0
2026-03-10T12:10:30	s2	20.8	46.2
2026-03-10T12:10:30	s3	24.6	47.8
2026-03-10T12:10:31	s1	22.3	45.4
2026-03-10T12:10:31	s2	20.9	46.2
2026-03-10T12:10:31	s3	24.5	46.9
2026-03-10T12:10:32	s1	22.2	45.4
2026-03-10T12:10:32	s2	20.9	43.9
2026-03-10T12:10:32	s3	24.6	44.3
2026-03-10T12:10:33	s1	22.2	43.9
2026-03-10T12:10:33	s2	20.8	44.8
2026-03-10T12:10:33	s3	24.6	47.7
2026-03-10T12:10:34	s1	22.3	42.4
2026-03-10T12:10:34	s2	20.7	43.2
2026-03-10T12:10:34	s3	24.5	46.3
2026-03-10T12:10:35	s1	22.2	46.7
2026-03-10T12:10:35	s2	20.8	43.3
2026-03-10T12:10:35	s3	24.3	44.1
2026-03-10T12:10:36	s1	22.3	45.4
2026-03-10T12:10:36	s2	20.9	47.7
2026-03-10T12:10:36	s3	24.5	43.9
2026-03-10T12:10:37	s1	22.4	43.2
2026-03-10T12:10:37	s2	20.9	43.1
2026-03-10T12:10:37	s3	24.6	45.6
2026-03-10T12:10:38	s1	22.2	42.4
2026-03-10T12:10:38	s2	20.9	45.1
2026-03-10T12:10:38	s3	24.5	43.5
2026-03-10T12:10:39	s1	22.2	46.2
2026-03-10T12:10:39	s2	20.9	43.8
2026-03-10T12:10:39	s3	24.4	43.8
2026-03-10T12:10:40	s1	22.1	45.9
2026-03-10T12:10:40	s2	20.8	44.2
2026-03-10T12:10:40	s3	24.6	48.0
2026-03-10T12:10:41	s1	22.3	44.3
2026-03-10T12:10:41	s2	20.7	44.7
2026-03-10T12:10:41	s3	24.4	47.6
2026-03-10T12:10:42	s1	22.3	43.2
2026-03-10T12:10:42	s2	20.8	43.7
2026-03-10T12:10:42	s3	24.5	43.9
2026-03-10T12:10:43	s1	22.1	42.3
2026-03-10T12:10:43	s2	20.7	44.9
2026-03-10T12:10:43	s3	24.4	47.0
2026-03-10T12:10:44	s1	22.2	42.2
2026-03-10T12:10:44	s2	20.8	43.9
2026-03-10T12:10:44	s3	24.4	45.7
2026-03-10T12:10:45	s1	22.4	45.9
2026-03-10T12:10:45	s2	20.7	46.5
2026-03-10T12:10:45	s3	24.3	45.1
2026-03-10T12:10:46	s1	22.4	46.3
2026-03-10T12:10:46	s2	20.8	47.6
2026-03-10T12:10:46	s3	24.4	42.6
2026-03-10T12:10:47	s1	22.2	46.3
2026-03-10T12:10:47	s2	20.7	44.2
2026-03-10T12:10:47	s3	24.4	42.5
2026-03-10T12:10:48	s1	22.2	42.4
2026-03-10T12:10:48	s2	20.8	42.4
2026-03-10T12:10:48	s3	24.5	46.7
2026-03-10T12:10:49	s1	22.4	45.3
2026-03-10T12:10:49	s2	20.7	43.2
2026-03-10T12:10:49	s3	24.4	46.6
2026-03-10T12:10:50	s1	22.4	43.4
2026-03-10T12:10:50	s2	20.7	46.1
2026-03-10T12:10:50	s3	24.4	45.9
2026-03-10T12:10:51	s1	22.4	44.9
2026-03-10T12:10:51	s2	20.7	46.6
2026-03-10T12:10:51	s3	24.6	47.7
2026-03-10T12:10:52	s1	22.2	43.9
2026-03-10T12:10:52	s2	20.8	45.8
2026-03-10T12:10:52	s3	24.5	45.1
2026-03-10T12:10:53	s1	22.2	42.1
2026-03-10T12:10:53	s2	20.9	44.5
2026-03-10T12:10:53	s3	24.4	43.2
2026-03-10T12:10:54	s1	22.2	43.4
2026-03-10T12:10:54	s2	20.8	44.1
2026-03-10T12:10:54	s3	24.4	47.3
2026-03-10T12:10:55	s1	22.3	47.0
2026-03-10T12:10:55	s2	20.8	42.9
2026-03-10T12:10:55	s3	24.4	45.8
2026-03-10T12:10:56	s1	22.3	43.6
2026-03-10T12:10:56	s2	20.8	44.3
2026-03-10T12:10:56	s3	24.6	46.5
2026-03-10T12:10:57	s1	22.2	43.2
2026-03-10T12:10:57	s2	20.9	44.4
2026-03-10T12:10:57	s3	24.6	44.7
2026-03-10T12:10:58	s1	22.3	47.8
2026-03-10T12:10:58	s2	20.9	46.6
2026-03-10T12:10:58	s3	24.4	42.7
2026-03-10T12:10:59	s1	22.3	42.6
2026-03-10T12:10:59	s2	20.9	43.2
2026-03-10T12:10:59	s3	24.6	46.4
2026-03-10T12:11:00	s1	22.3	46.1
2026-03-10T12:11:00	s2	20.7	45.6
2026-03-10T12:11:00	s3	24.5	44.8
2026-03-10T12:11:01	s1	22.4	43.4
2026-03-10T12:11:01	s2	20.9	47.1
2026-03-10T12:11:01	s3	24.4	42.1
2026-03-10T12:11:02	s1	22.2	47.0
2026-03-10T12:11:02	s2	20.9	43.2
2026-03-10T12:11:02	s3	24.7	44.3
2026-03-10T12:11:03	s1	22.3	47.9
2026-03-10T12:11:03	s2	20.9	43.0
2026-03-10T12:11:03	s3	24.5	45.4
2026-03-10T12:11:04	s1	22.3	47.9
2026-03-10T12:11:04	s2	20.9	43.5
2026-03-10T12:11:04	s3	24.6	47.3
2026-03-10T12:11:05	s1	22.4	45.7
2026-03-10T12:11:05	s2	20.9	47.7
2026-03-10T12:11:05	s3	24.7	43.8
2026-03-10T12:11:06	s1	22.3	45.4
2026-03-10T12:11:06	s2	20.7	42.3
2026-03-10T12:11:06	s3	24.4	43.1
2026-03-10T12:11:07	s1	22.3	47.3
2026-03-10T12:11:07	s2	20.7	44.5
2026-03-10T12:11:07	s3	24.4	46.6
2026-03-10T12:11:08	s1	22.5	43.8
2026-03-10T12:11:08	s2	20.8	47.6
2026-03-10T12:11:08	s3	24.7	46.8
2026-03-10T12:11:09	s1	22.2	47.5
2026-03-10T12:11:09	s2	20.9	46.1
2026-03-10T12:11:09	s3	24.4	47.6
2026-03-10T12:11:10	s1	22.3	42.1
2026-03-10T12:11:10	s2	20.7	43.4
2026-03-10T12:11:10	s3	24.6	45.5
2026-03-10T12:11:11	s1	22.4	43.6
2026-03-10T12:11:11	s2	20.9	44.9
2026-03-10T12:11:11	s3	24.6	42.9
2026-03-10T12:11:12	s1	22.2	46.1
2026-03-10T12:11:12	s2	20.7	45.0
2026-03-10T12:11:12	s3	24.6	44.5
2026-03-10T12:11:13	s1	22.5	45.5
2026-03-10T12:11:13	s2	20.7	42.4
2026-03-10T12:11:13	s3	24.6	43.7
2026-03-10T12:11:14	s1	22.3	44.9
2026-03-10T12:11:14	s2	20.9	42.1
2026-03-10T12:11:14	s3	24.5	47.2
2026-03-10T12:11:15	s1	22.3	44.7
2026-03-10T12:11:15	s2	20.7	45.9
2026-03-10T12:11:15	s3	24.7	47.0
2026-03-10T12:11:16	s1	22.3	47.7
2026-03-10T12:11:16	s2	20.8	43.4
2026-03-10T12:11:16	s3	24.7	42.3
2026-03-10T12:11:17	s1	22.3	45.6
2026-03-10T12:11:17	s2	20.8	44.8
2026-03-10T12:11:17	s3	24.5	46.0
2026-03-10T12:11:18	s1	22.3	45.3
2026-03-10T12:11:18	s2	20.7	46.4
2026-03-10T12:11:18	s3	24.5	43.0
2026-03-10T12:11:19	s1	22.3	44.8
2026-03-10T12:11:19	s2	20.8	43.8
2026-03-10T12:11:19	s3	24.7	46.5
2026-03-10T12:11:20	s1	22.4	45.3
2026-03-10T12:11:20	s2	20.8	44.6
2026-03-10T12:11:20	s3	24.6	47.3
2026-03-10T12:11:21	s1	22.3	44.2
2026-03-10T12:11:21	s2	20.8	46.5
2026-03-10T12:11:21	s3	24.7	43.0
2026-03-10T12:11:22	s1	22.2	45.0
2026-03-10T12:11:22	s2	21.0	45.8
2026-03-10T12:11:22	s3	24.6	45.2
2026-03-10T12:11:23	s1	22.5	43.0
2026-03-10T12:11:23	s2	21.0	42.8
2026-03-10T12:11:23	s3	24.7	43.2
2026-03-10T12:11:24	s1	22.4	42.5
2026-03-10T12:11:24	s2	20.8	42.7
2026-03-10T12:11:24	s3	24.6	42.3
2026-03-10T12:11:25	s1	22.2	42.0
2026-03-10T12:11:25	s2	21.0	46.0
2026-03-10T12:11:25	s3	24.5	43.4
2026-03-10T12:11:26	s1	22.4	44.0
2026-03-10T12:11:26	s2	20.8	46.4
2026-03-10T12:11:26	s3	24.7	45.3
2026-03-10T12:11:27	s1	22.3	45.9
2026-03-10T12:11:27	s2	20.8	45.5
2026-03-10T12:11:27	s3	24.6	46.1
2026-03-10T12:11:28	s1	22.5	43.4
2026-03-10T12:11:28	s2	20.9	42.9
2026-03-10T12:11:28	s3	24.6	46.5
2026-03-10T12:11:29	s1	22.4	47.4
2026-03-10T12:11:29	s2	21.0	46.8
2026-03-10T12:11:29	s3	24.6	47.5
2026-03-10T12:11:30	s1	22.4	43.8
2026-03-10T12:11:30	s2	21.0	43.8
2026-03-10T12:11:30	s3	24.5	45.8
2026-03-10T12:11:31	s1	22.5	43.1
2026-03-10T12:11:31	s2	20.7	43.8
2026-03-10T12:11:31	s3	24.5	47.0
2026-03-10T12:11:32	s1	22.4	42.4
2026-03-10T12:11:32	s2	20.9	42.7
2026-03-10T12:11:32	s3	24.7	46.0
2026-03-10T12:11:33	s1	22.2	45.6
2026-03-10T12:11:33	s2	20.8	44.2
2026-03-10T12:11:33	s3	24.5	45.7
2026-03-10T12:11:34	s1	22.5	45.8
2026-03-10T12:11:34	s2	20.9	46.1
2026-03-10T12:11:34	s3	24.7	45.0
2026-03-10T12:11:35	s1	22.3	43.5
2026-03-10T12:11:35	s2	20.9	46.8
2026-03-10T12:11:35	s3	24.7	46.6
2026-03-10T12:11:36	s1	22.4	45.5
2026-03-10T12:11:36	s2	21.0	47.7
2026-03-10T12:11:36	s3	24.6	48.0
2026-03-10T12:11:37	s1	22.4	47.8
2026-03-10T12:11:37	s2	21.0	42.5
2026-03-10T12:11:37	s3	24.5	42.6
2026-03-10T12:11:38	s1	22.3	47.0
2026-03-10T12:11:38	s2	20.9	42.6
2026-03-10T12:11:38	s3	24.6	44.0
2026-03-10T12:11:39	s1	22.4	44.8
2026-03-10T12:11:39	s2	20.8	45.3
2026-03-10T12:11:39	s3	24.7	44.7
2026-03-10T12:12:04	s1	22.3	44.9
2026-03-10T12:12:04	s2	20.9	44.3
2026-03-10T12:12:04	s3	24.7	45.9
2026-03-10T12:12:11	s1	22.5	46.3
2026-03-10T12:12:11	s2	21.1	47.7
2026-03-10T12:12:11	s3	24.5	43.0
2026-03-10T12:12:12	s1	22.4	47.9
2026-03-10T12:12:12	s2	21.0	42.1
2026-03-10T12:12:12	s3	24.7	46.8
2026-03-10T12:12:13	s1	22.4	46.3
2026-03-10T12:12:13	s2	21.1	44.2
2026-03-10T12:12:13	s3	24.7	44.5
2026-03-10T12:12:14	s1	22.3	44.6
2026-03-10T12:12:14	s2	21.0	42.4
2026-03-10T12:12:14	s3	24.5	47.3
2026-03-10T12:12:15	s1	22.5	44.8
2026-03-10T12:12:15	s2	21.0	43.5
2026-03-10T12:12:15	s3	24.8	42.8
2026-03-10T12:12:16	s1	22.3	42.5
2026-03-10T12:12:16	s2	20.9	43.2
2026-03-10T12:12:16	s3	24.7	45.3
2026-03-10T12:12:17	s1	22.5	44.9
2026-03-10T12:12:17	s2	21.1	45.9
2026-03-10T12:12:17	s3	24.7	42.7
2026-03-10T12:12:18	s1	22.3	43.2
2026-03-10T12:12:18	s2	20.9	46.5
2026-03-10T12:12:18	s3	24.6	44.2
2026-03-10T12:12:19	s1	22.5	42.1
2026-03-10T12:12:19	s2	21.0	43.6
2026-03-10T12:12:19	s3	24.7	43.8
2026-03-10T12:12:20	s1	22.6	43.9
2026-03-10T12:12:20	s2	20.9	44.9
2026-03-10T12:12:20	s3	24.6	46.0
2026-03-10T12:12:21	s1	22.5	43.3
2026-03-10T12:12:21	s2	20.9	45.3
2026-03-10T12:12:21	s3	24.7	47.2
2026-03-10T12:12:22	s1	22.4	46.0
2026-03-10T12:12:22	s2	21.1	42.9
2026-03-10T12:12:22	s3	24.8	44.9
2026-03-10T12:12:23	s1	22.6	42.4
2026-03-10T12:12:23	s2	20.9	45.8
2026-03-10T12:12:23	s3	24.7	45.8
2026-03-10T12:12:24	s1	22.6	47.0
2026-03-10T12:12:24	s2	21.0	46.5
2026-03-10T12:12:24	s3	24.5	43.9
2026-03-10T12:12:25	s1	22.5	43.2
2026-03-10T12:12:25	s2	21.1	44.2
2026-03-10T12:12:25	s3	24.7	47.0
2026-03-10T12:12:26	s1	22.4	47.4
2026-03-10T12:12:26	s2	21.0	47.7
2026-03-10T12:12:26	s3	24.7	44.4
2026-03-10T12:12:27	s1	22.6	45.8
2026-03-10T12:12:27	s2	20.9	45.1
2026-03-10T12:12:27	s3	24.7	42.5
2026-03-10T12:12:28	s1	22.5	44.5
2026-03-10T12:12:28	s2	21.0	46.2
2026-03-10T12:12:28	s3	24.8	46.6
2026-03-10T12:12:29	s1	22.4	43.7
2026-03-10T12:12:29	s2	20.9	45.9
2026-03-10T12:12:29	s3	24.8	44.0
2026-03-10T12:12:30	s1	22.6	45.6
2026-03-10T12:12:30	s2	21.1	47.1
2026-03-10T12:12:30	s3	24.7	44.9
2026-03-10T12:12:31	s1	22.6	47.0
2026-03-10T12:12:31	s2	21.0	45.4
2026-03-10T12:12:31	s3	24.8	45.6
2026-03-10T12:12:32	s1	22.6	42.8
2026-03-10T12:12:32	s2	21.0	46.1
2026-03-10T12:12:32	s3	24.8	45.2
2026-03-10T12:12:33	s1	22.5	42.4
2026-03-10T12:12:33	s2	21.0	47.6
2026-03-10T12:12:33	s3	24.8	45.6
2026-03-10T12:12:34	s1	22.4	47.6
2026-03-10T12:12:34	s2	21.0	43.4
2026-03-10T12:12:34	s3	24.6	47.8
2026-03-10T12:12:35	s1	22.4	44.0
2026-03-10T12:12:35	s2	21.1	43.7
2026-03-10T12:12:35	s3	24.7	46.0
2026-03-10T12:12:36	s1	22.4	45.7
2026-03-10T12:12:36	s2	21.1	46.8
2026-03-10T12:12:36	s3	24.8	43.1
2026-03-10T12:12:37	s1	22.6	46.3
2026-03-10T12:12:37	s2	21.0	43.2
2026-03-10T12:12:37	s3	24.7	45.1
2026-03-10T12:12:38	s1	22.4	46.3
2026-03-10T12:12:38	s2	21.0	43.5
2026-03-10T12:12:38	s3	24.7	45.8
2026-03-10T12:12:39	s1	22.5	47.3
2026-03-10T12:12:39	s2	21.1	44.2
2026-03-10T12:12:39	s3	24.7	46.3
2026-03-10T12:12:40	s1	22.6	44.8
2026-03-10T12:12:40	s2	21.0	43.5
2026-03-10T12:12:40	s3	24.6	42.7
2026-03-10T12:12:41	s1	22.5	45.3
2026-03-10T12:12:41	s2	21.0	42.4
2026-03-10T12:12:41	s3	24.8	43.5
2026-03-10T12:12:42	s1	22.5	47.6
2026-03-10T12:12:42	s2	21.0	46.9
2026-03-10T12:12:42	s3	24.7	44.5
2026-03-10T12:12:43	s1	22.5	47.9
2026-03-10T12:12:43	s2	21.1	44.9
2026-03-10T12:12:43	s3	24.6	44.6
2026-03-10T12:12:44	s1	22.5	42.8
2026-03-10T12:12:44	s2	20.9	46.6
2026-03-10T12:12:44	s3	24.9	42.2
2026-03-10T12:12:45	s1	22.4	42.6
2026-03-10T12:12:45	s2	21.0	42.8
2026-03-10T12:12:45	s3	24.6	46.5
2026-03-10T12:12:46	s1	22.5	42.2
2026-03-10T12:12:46	s2	21.1	42.4
2026-03-10T12:12:46	s3	24.6	47.9
2026-03-10T12:12:47	s1	22.6	43.7
2026-03-10T12:12:47	s2	21.0	43.3
2026-03-10T12:12:47	s3	24.8	46.5
2026-03-10T12:12:48	s1	22.7	44.1
2026-03-10T12:12:48	s2	21.0	42.1
2026-03-10T12:12:48	s3	24.8	46.6
2026-03-10T12:12:49	s1	22.4	47.8
2026-03-10T12:12:49	s2	21.0	45.3
2026-03-10T12:12:49	s3	24.6	43.0
2026-03-10T12:12:50	s1	22.6	45.7
2026-03-10T12:12:50	s2	21.2	46.9
2026-03-10T12:12:50	s3	24.6	43.5
2026-03-10T12:12:51	s1	22.5	43.5
2026-03-10T12:12:51	s2	21.1	47.4
2026-03-10T12:12:51	s3	24.9	43.7
2026-03-10T12:12:52	s1	22.4	46.0
2026-03-10T12:12:52	s2	21.0	47.2
2026-03-10T12:12:52	s3	24.8	44.7
2026-03-10T12:12:53	s1	22.5	47.1
2026-03-10T12:12:53	s2	21.0	44.7
2026-03-10T12:12:53	s3	24.6	47.3
2026-03-10T12:12:54	s1	22.7	46.5
2026-03-10T12:12:54	s2	20.9	46.6
2026-03-10T12:12:54	s3	24.7	46.0
2026-03-10T12:12:55	s1	22.5	47.3
2026-03-10T12:12:55	s2	21.0	42.1
2026-03-10T12:12:55	s3	24.8	44.3
2026-03-10T12:12:56	s1	22.5	43.2
2026-03-10T12:12:56	s2	20.9	42.5
2026-03-10T12:12:56	s3	24.9	46.1
2026-03-10T12:12:57	s1	22.5	44.4
2026-03-10T12:12:57	s2	21.0	44.1
2026-03-10T12:12:57	s3	24.7	46.3
2026-03-10T12:12:58	s1	22.7	44.3
2026-03-10T12:12:58	s2	21.2	47.8
2026-03-10T12:12:58	s3	24.8	45.4
2026-03-10T12:12:59	s1	22.6	42.4
2026-03-10T12:12:59	s2	21.1	42.1
2026-03-10T12:12:59	s3	24.8	44.2
2026-03-10T12:13:00	s1	22.4	44.6
2026-03-10T12:13:00	s2	21.0	44.5
2026-03-10T12:13:00	s3	24.7	44.1
2026-03-10T12:13:01	s1	22.5	47.5
2026-03-10T12:13:01	s2	21.0	42.9
2026-03-10T12:13:01	s3	24.7	45.5
2026-03-10T12:13:02	s1	22.6	45.2
2026-03-10T12:13:02	s2	21.0	42.2
2026-03-10T12:13:02	s3	24.7	42.3
2026-03-10T12:13:03	s1	22.5	46.2
2026-03-10T12:13:03	s2	21.0	45.7
2026-03-10T12:13:03	s3	24.8	43.5
2026-03-10T12:13:04	s1	22.6	43.5
2026-03-10T12:13:04	s2	21.0	42.8
2026-03-10T12:13:04	s3	24.7	47.2
2026-03-10T12:13:05	s1	22.5	44.5
2026-03-10T12:13:05	s2	21.0	42.4
2026-03-10T12:13:05	s3	24.9	45.7
2026-03-10T12:13:06	s1	22.6	46.7
2026-03-10T12:13:06	s2	21.2	47.2
2026-03-10T12:13:06	s3	24.8	43.7
2026-03-10T12:13:07	s1	22.6	44.5
2026-03-10T12:13:07	s2	21.0	42.1
2026-03-10T12:13:07	s3	24.9	45.6
2026-03-10T12:13:08	s1	22.4	46.6
2026-03-10T12:13:08	s2	21.0	46.7
2026-03-10T12:13:08	s3	24.8	46.7
2026-03-10T12:13:09	s1	22.6	44.2
2026-03-10T12:13:09	s2	21.0	45.2
2026-03-10T12:13:09	s3	24.7	46.7
2026-03-10T12:13:10	s1	22.5	43.0
2026-03-10T12:13:10	s2	21.0	46.9
2026-03-10T12:13:10	s3	24.8	47.4
2026-03-10T12:13:11	s1	22.5	43.0
2026-03-10T12:13:11	s2	21.1	47.1
2026-03-10T12:13:11	s3	24.7	45.7
2026-03-10T12:13:12	s1	22.5	46.7
2026-03-10T12:13:12	s2	21.1	44.7
2026-03-10T12:13:12	s3	24.8	46.3
2026-03-10T12:13:13	s1	22.5	45.6
2026-03-10T12:13:13	s2	20.9	47.9
2026-03-10T12:13:13	s3	24.7	43.7
2026-03-10T12:13:14	s1	22.6	44.9
2026-03-10T12:13:14	s2	21.2	45.3
2026-03-10T12:13:14	s3	24.9	47.3
2026-03-10T12:13:15	s1	22.6	45.9
2026-03-10T12:13:15	s2	21.1	46.7
2026-03-10T12:13:15	s3	24.8	47.0
2026-03-10T12:13:16	s1	22.6	43.5
2026-03-10T12:13:16	s2	21.2	43.0
2026-03-10T12:13:16	s3	24.9	42.8
2026-03-10T12:13:17	s1	22.5	42.4
2026-03-10T12:13:17	s2	21.2	47.1
2026-03-10T12:13:17	s3	24.7	47.4
2026-03-10T12:13:18	s1	22.6	43.8
2026-03-10T12:13:18	s2	21.0	44.9
2026-03-10T12:13:18	s3	24.9	43.3
2026-03-10T12:13:19	s1	22.7	46.5
2026-03-10T12:13:19	s2	21.1	45.5
2026-03-10T12:13:19	s3	24.9	42.8
2026-03-10T12:13:20	s1	22.7	44.4
2026-03-10T12:13:20	s2	21.0	47.4
2026-03-10T12:13:20	s3	24.9	43.5
2026-03-10T12:13:21	s1	22.6	46.3
2026-03-10T12:13:21	s2	21.1	43.2
2026-03-10T12:13:21	s3	24.7	47.8
2026-03-10T12:13:22	s1	22.5	42.9
2026-03-10T12:13:22	s2	21.1	42.6
2026-03-10T12:13:22	s3	24.8	44.1
2026-03-10T12:13:23	s1	22.7	47.3
2026-03-10T12:13:23	s2	21.2	42.5
2026-03-10T12:13:23	s3	24.7	46.9
2026-03-10T12:13:24	s1	22.6	42.2
2026-03-10T12:13:24	s2	21.3	47.1
2026-03-10T12:13:24	s3	24.7	44.0
2026-03-10T12:13:25	s1	22.6	45.0
2026-03-10T12:13:25	s2	21.0	42.6
2026-03-10T12:13:25	s3	24.9	45.4
2026-03-10T12:13:26	s1	22.5	45.1
2026-03-10T12:13:26	s2	21.1	44.2
2026-03-10T12:13:26	s3	24.8	44.0
2026-03-10T12:13:27	s1	22.6	44.1
2026-03-10T12:13:27	s2	21.1	44.2
2026-03-10T12:13:27	s3	24.9	45.5
2026-03-10T12:13:28	s1	22.7	46.6
2026-03-10T12:13:28	s2	21.1	45.1
2026-03-10T12:13:28	s3	24.9	45.3
2026-03-10T12:13:29	s1	22.7	45.0
2026-03-10T12:13:29	s2	21.3	42.9
2026-03-10T12:13:29	s3	24.9	44.0
2026-03-10T12:13:30	s1	22.7	46.4
2026-03-10T12:13:30	s2	21.2	42.9
2026-03-10T12:13:30	s3	24.9	43.2
2026-03-10T12:13:31	s1	22.7	43.7
2026-03-10T12:13:31	s2	21.0	42.3
2026-03-10T12:13:31	s3	24.7	42.8
2026-03-10T12:13:32	s1	22.6	43.2
2026-03-10T12:13:32	s2	21.2	47.3
2026-03-10T12:13:32	s3	24.8	45.4
2026-03-10T12:13:33	s1	22.8	43.3
2026-03-10T12:13:33	s2	21.3	43.0
2026-03-10T12:13:33	s3	24.7	46.4
2026-03-10T12:13:34	s1	22.7	43.3
2026-03-10T12:13:34	s2	21.3	43.0
2026-03-10T12:13:34	s3	24.9	42.7
2026-03-10T12:13:35	s1	22.7	46.9
2026-03-10T12:13:35	s2	21.1	46.4
2026-03-10T12:13:35	s3	24.8	44.8
2026-03-10T12:13:36	s1	22.8	45.5
2026-03-10T12:13:36	s2	21.1	47.4
2026-03-10T12:13:36	s3	24.9	45.8
2026-03-10T12:13:37	s1	22.6	42.9
2026-03-10T12:13:37	s2	21.2	46.3
2026-03-10T12:13:37	s3	24.8	43.7
2026-03-10T12:13:38	s1	22.7	47.4
2026-03-10T12:13:38	s2	21.1	42.1
2026-03-10T12:13:38	s3	24.8	44.0
2026-03-10T12:13:39	s1	22.6	45.0
2026-03-10T12:13:39	s2	21.2	44.4
2026-03-10T12:13:39	s3	25.0	43.8
2026-03-10T12:13:40	s1	22.7	42.6
2026-03-10T12:13:40	s2	21.0	43.3
2026-03-10T12:13:40	s3	24.9	47.3
2026-03-10T12:13:41	s1	22.6	47.4
2026-03-10T12:13:41	s2	21.3	46.2
2026-03-10T12:13:41	s3	24.8	44.5
2026-03-10T12:13:42	s1	22.6	45.4
2026-03-10T12:13:42	s2	21.1	43.5
2026-03-10T12:13:42	s3	24.9	47.7
2026-03-10T12:13:43	s1	22.7	46.6
2026-03-10T12:13:43	s2	21.3	42.3
2026-03-10T12:13:43	s3	24.8	44.6
2026-03-10T12:13:44	s1	22.6	47.9
2026-03-10T12:13:44	s2	21.1	44.2
2026-03-10T12:13:44	s3	24.8	44.9
2026-03-10T12:13:45	s1	22.8	47.6
2026-03-10T12:13:45	s2	21.1	43.3
2026-03-10T12:13:45	s3	24.8	43.4
2026-03-10T12:13:46	s1	22.6	46.8
2026-03-10T12:13:46	s2	21.1	45.6
2026-03-10T12:13:46	s3	24.9	47.1
2026-03-10T12:13:47	s1	22.5	42.5
2026-03-10T12:13:47	s2	21.2	42.9
2026-03-10T12:13:47	s3	24.8	47.4
2026-03-10T12:13:48	s1	22.8	46.8
2026-03-10T12:13:48	s2	21.2	42.9
2026-03-10T12:13:48	s3	24.7	44.8
2026-03-10T12:13:49	s1	22.5	43.7
2026-03-10T12:13:49	s2	21.3	46.1
2026-03-10T12:13:49	s3	25.0	46.2
2026-03-10T12:13:50	s1	22.7	42.5
2026-03-10T12:13:50	s2	21.1	43.9
2026-03-10T12:13:50	s3	24.7	48.0
2026-03-10T12:13:51	s1	22.5	42.2
2026-03-10T12:13:51	s2	21.0	47.5
2026-03-10T12:13:51	s3	24.9	47.4
2026-03-10T12:13:52	s1	22.8	44.9
2026-03-10T12:13:52	s2	21.1	43.7
2026-03-10T12:13:52	s3	25.0	42.4
2026-03-10T12:13:53	s1	22.7	42.8
2026-03-10T12:13:53	s2	21.2	47.1
2026-03-10T12:13:53	s3	24.8	46.7
2026-03-10T12:13:54	s1	22.7	45.0
2026-03-10T12:13:54	s2	21.1	43.7
2026-03-10T12:13:54	s3	24.8	44.0
2026-03-10T12:13:55	s1	22.6	44.8
2026-03-10T12:13:55	s2	21.2	47.7
2026-03-10T12:13:55	s3	24.8	45.9
2026-03-10T12:13:56	s1	22.8	44.5
2026-03-10T12:13:56	s2	21.3	46.8
2026-03-10T12:13:56	s3	25.0	46.0
2026-03-10T12:13:57	s1	22.6	44.8
2026-03-10T12:13:57	s2	21.2	42.2
2026-03-10T12:13:57	s3	24.7	47.3
2026-03-10T12:13:58	s1	22.6	48.0
2026-03-10T12:13:58	s2	21.1	46.3
2026-03-10T12:13:58	s3	24.8	44.0
2026-03-10T12:13:59	s1	22.6	43.4
2026-03-10T12:13:59	s2	21.2	44.5
2026-03-10T12:13:59	s3	25.0	46.0
2026-03-10T12:14:00	s1	22.7	46.4
2026-03-10T12:14:00	s2	21.1	46.3
2026-03-10T12:14:00	s3	25.0	45.9
2026-03-10T12:14:01	s1	22.6	44.3
2026-03-10T12:14:01	s2	21.1	42.3
2026-03-10T12:14:01	s3	25.0	46.8
2026-03-10T12:14:02	s1	22.6	46.9
2026-03-10T12:14:02	s2	21.2	47.8
2026-03-10T12:14:02	s3	25.0	47.2
2026-03-10T12:14:03	s1	22.7	46.9
2026-03-10T12:14:03	s2	21.3	46.2
2026-03-10T12:14:03	s3	24.9	47.7
2026-03-10T12:14:04	s1	22.8	47.2
2026-03-10T12:14:04	s2	21.1	47.2
2026-03-10T12:14:04	s3	24.8	43.5
2026-03-10T12:14:05	s1	22.6	47.3
2026-03-10T12:14:05	s2	21.1	42.3
2026-03-10T12:14:05	s3	24.8	45.1
2026-03-10T12:14:06	s1	22.7	43.7
2026-03-10T12:14:06	s2	21.1	43.1
2026-03-10T12:14:06	s3	24.8	42.1
2026-03-10T12:14:07	s1	22.7	44.1
2026-03-10T12:14:07	s2	21.2	44.0
2026-03-10T12:14:07	s3	24.8	46.6
2026-03-10T12:14:08	s1	22.8	43.2
2026-03-10T12:14:08	s2	21.1	46.1
2026-03-10T12:14:08	s3	25.0	46.5
2026-03-10T12:14:09	s1	22.6	44.3
2026-03-10T12:14:09	s2	21.2	45.5
2026-03-10T12:14:09	s3	25.0	43.2
2026-03-10T12:14:10	s1	22.8	46.4
2026-03-10T12:14:10	s2	21.1	47.8
2026-03-10T12:14:10	s3	24.9	43.7
2026-03-10T12:14:11	s1	22.8	44.7
2026-03-10T12:14:11	s2	21.1	42.1
2026-03-10T12:14:11	s3	24.9	47.8
2026-03-10T12:14:12	s1	22.6	47.0
2026-03-10T12:14:12	s2	21.2	44.8
2026-03-10T12:14:12	s3	25.0	45.4
2026-03-10T12:14:13	s1	22.8	47.0
2026-03-10T12:14:13	s2	21.1	43.6
2026-03-10T12:14:13	s3	25.0	47.1
2026-03-10T12:14:14	s1	22.8	46.0
2026-03-10T12:14:14	s2	21.2	44.4
2026-03-10T12:14:14	s3	24.8	43.4
2026-03-10T12:14:15	s1	22.6	46.9
2026-03-10T12:14:15	s2	21.1	42.0
2026-03-10T12:14:15	s3	24.8	42.5
2026-03-10T12:14:16	s1	22.8	45.2
2026-03-10T12:14:16	s2	21.3	47.6
2026-03-10T12:14:16	s3	24.8	47.2
2026-03-10T12:14:17	s1	22.8	46.6
2026-03-10T12:14:17	s2	21.3	46.6
2026-03-10T12:14:17	s3	25.0	45.0
2026-03-10T12:14:18	s1	22.7	45.2
2026-03-10T12:14:18	s2	21.2	46.7
2026-03-10T12:14:18	s3	25.0	47.6
2026-03-10T12:14:19	s1	22.7	46.4
2026-03-10T12:14:19	s2	21.1	45.9
2026-03-10T12:14:19	s3	24.8	44.6
2026-03-10T12:14:20	s1	22.7	43.5
2026-03-10T12:14:20	s2	21.2	42.6
2026-03-10T12:14:20	s3	25.0	46.4
2026-03-10T12:14:21	s1	22.6	43.8
2026-03-10T12:14:21	s2	21.1	43.0
2026-03-10T12:14:21	s3	24.9	46.4
2026-03-10T12:14:22	s1	22.7	46.6
2026-03-10T12:14:22	s2	21.2	48.0
2026-03-10T12:14:22	s3	25.0	45.8
2026-03-10T12:14:23	s1	22.6	42.9
2026-03-10T12:14:23	s2	21.1	47.6
2026-03-10T12:14:23	s3	25.1	42.4
2026-03-10T12:14:24	s1	22.8	46.6
2026-03-10T12:14:24	s2	21.2	43.1
2026-03-10T12:14:24	s3	25.0	44.0
2026-03-10T12:14:25	s1	22.7	47.0
2026-03-10T12:14:25	s2	21.2	45.1
2026-03-10T12:14:25	s3	24.9	45.7
2026-03-10T12:14:26	s1	22.8	44.1
2026-03-10T12:14:26	s2	21.1	43.1
2026-03-10T12:14:26	s3	25.0	45.3
2026-03-10T12:14:27	s1	22.7	42.1
2026-03-10T12:14:27	s2	21.4	46.8
2026-03-10T12:14:27	s3	25.0	42.5
2026-03-10T12:14:28	s1	22.6	42.9
2026-03-10T12:14:28	s2	21.1	46.9
2026-03-10T12:14:28	s3	24.9	44.9
2026-03-10T12:14:29	s1	22.9	45.8
2026-03-10T12:14:29	s2	21.1	47.1
2026-03-10T12:14:29	s3	25.0	44.6
2026-03-10T12:14:30	s1	22.8	46.7
2026-03-10T12:14:30	s2	21.2	43.0
2026-03-10T12:14:30	s3	25.0	44.9
2026-03-10T12:14:31	s1	22.8	46.2
2026-03-10T12:14:31	s2	21.4	46.5
2026-03-10T12:14:31	s3	25.0	47.6
2026-03-10T12:14:32	s1	22.8	45.3
2026-03-10T12:14:32	s2	21.2	43.9
2026-03-10T12:14:32	s3	24.9	47.4
2026-03-10T12:14:33	s1	22.6	43.1
2026-03-10T12:14:33	s2	21.3	42.1
2026-03-10T12:14:33	s3	25.0	44.2
2026-03-10T12:14:34	s1	22.7	46.5
2026-03-10T12:14:34	s2	21.1	43.9
2026-03-10T12:14:34	s3	24.9	42.8
2026-03-10T12:14:35	s1	22.6	45.1
2026-03-10T12:14:35	s2	21.3	45.6
2026-03-10T12:14:35	s3	24.9	45.3
2026-03-10T12:14:36	s1	22.8	46.6
2026-03-10T12:14:36	s2	21.1	46.9
2026-03-10T12:14:36	s3	25.0	45.8
2026-03-10T12:14:37	s1	22.7	45.2
2026-03-10T12:14:37	s2	21.2	42.2
2026-03-10T12:14:37	s3	24.8	47.6
2026-03-10T12:14:38	s1	22.8	48.0
2026-03-10T12:14:38	s2	21.3	46.9
2026-03-10T12:14:38	s3	25.1	43.7
2026-03-10T12:14:39	s1	22.9	47.9
2026-03-10T12:14:39	s2	21.4	44.2
2026-03-10T12:14:39	s3	25.0	46.4
2026-03-10T12:14:40	s1	22.7	42.2
2026-03-10T12:14:40	s2	21.2	43.1
2026-03-10T12:14:40	s3	24.8	42.8
2026-03-10T12:14:41	s1	22.8	45.6
2026-03-10T12:14:41	s2	21.1	42.7
2026-03-10T12:14:41	s3	25.1	46.6
2026-03-10T12:14:42	s1	22.7	42.7
2026-03-10T12:14:42	s2	21.3	45.5
2026-03-10T12:14:42	s3	24.8	42.3
2026-03-10T12:14:43	s1	22.7	46.6
2026-03-10T12:14:43	s2	21.3	47.5
2026-03-10T12:14:43	s3	24.8	46.3
2026-03-10T12:14:44	s1	22.9	47.2
2026-03-10T12:14:44	s2	21.3	47.4
2026-03-10T12:14:44	s3	25.0	42.6
2026-03-10T12:14:45	s1	22.7	47.6
2026-03-10T12:14:45	s2	21.2	47.3
2026-03-10T12:14:45	s3	24.8	44.0
2026-03-10T12:14:46	s1	22.8	42.8
2026-03-10T12:14:46	s2	21.1	47.7
2026-03-10T12:14:46	s3	24.8	47.3
2026-03-10T12:14:47	s1	22.6	46.9
2026-03-10T12:14:47	s2	21.2	42.6
2026-03-10T12:14:47	s3	24.9	47.6
2026-03-10T12:14:48	s1	22.9	43.5
2026-03-10T12:14:48	s2	21.2	43.1
2026-03-10T12:14:48	s3	25.1	46.2
2026-03-10T12:14:49	s1	22.7	46.9
2026-03-10T12:14:49	s2	21.3	46.4
2026-03-10T12:14:49	s3	24.9	46.4
2026-03-10T12:14:50	s1	22.9	46.1
2026-03-10T12:14:50	s2	21.2	44.4
2026-03-10T12:14:50	s3	25.0	47.3
2026-03-10T12:14:51	s1	22.8	46.4
2026-03-10T12:14:51	s2	21.4	45.0
2026-03-10T12:14:51	s3	24.9	44.6
2026-03-10T12:14:52	s1	22.8	44.3
2026-03-10T12:14:52	s2	21.4	43.8
2026-03-10T12:14:52	s3	24.9	47.8
2026-03-10T12:14:53	s1	22.8	45.5
2026-03-10T12:14:53	s2	21.2	45.7
2026-03-10T12:14:53	s3	25.1	46.2
2026-03-10T12:14:54	s1	22.7	45.6
2026-03-10T12:14:54	s2	21.1	42.7
2026-03-10T12:14:54	s3	25.0	46.5
2026-03-10T12:14:55	s1	22.8	45.5
2026-03-10T12:14:55	s2	21.4	45.5
2026-03-10T12:14:55	s3	25.1	43.5
2026-03-10T12:14:56	s1	22.9	43.4
2026-03-10T12:14:56	s2	21.2	42.3
2026-03-10T12:14:56	s3	24.9	44.4
2026-03-10T12:14:57	s1	22.9	43.7
2026-03-10T12:14:57	s2	21.2	42.0
2026-03-10T12:14:57	s3	24.9	42.7
2026-03-10T12:14:58	s1	22.9	44.5
2026-03-10T12:14:58	s2	21.2	44.7
2026-03-10T12:14:58	s3	24.9	45.9
2026-03-10T12:14:59	s1	22.7	44.2
2026-03-10T12:14:59	s2	21.4	44.3
2026-03-10T12:14:59	s3	25.0	43.7
2026-03-10T12:15:00	s1	22.8	47.1
2026-03-10T12:15:00	s2	21.2	44.3
2026-03-10T12:15:00	s3	24.9	46.0
2026-03-10T12:15:01	s1	22.9	43.5
2026-03-10T12:15:01	s2	21.3	43.6
2026-03-10T12:15:01	s3	24.9	42.0
2026-03-10T12:15:02	s1	22.8	42.4
2026-03-10T12:15:02	s2	21.4	42.4
2026-03-10T12:15:02	s3	25.0	43.7
2026-03-10T12:15:03	s1	22.8	47.3
2026-03-10T12:15:03	s2	21.2	43.7
2026-03-10T12:15:03	s3	25.0	42.1
2026-03-10T12:15:04	s1	22.9	45.2
2026-03-10T12:15:04	s2	21.3	44.1
2026-03-10T12:15:04	s3	25.0	44.7
2026-03-10T12:15:05	s1	22.9	43.7
2026-03-10T12:15:05	s2	21.3	44.3
2026-03-10T12:15:05	s3	24.9	43.3
2026-03-10T12:15:06	s1	22.9	42.1
2026-03-10T12:15:06	s2	21.2	44.9
2026-03-10T12:15:06	s3	24.9	47.7
2026-03-10T12:15:07	s1	22.8	47.6
2026-03-10T12:15:07	s2	21.2	46.3
2026-03-10T12:15:07	s3	25.0	46.1
2026-03-10T12:15:08	s1	22.7	45.9
2026-03-10T12:15:08	s2	21.4	46.5
2026-03-10T12:15:08	s3	24.9	45.4
2026-03-10T12:15:09	s1	22.9	43.4
2026-03-10T12:15:09	s2	21.3	46.9
2026-03-10T12:15:09	s3	25.1	46.0
2026-03-10T12:15:10	s1	22.8	45.7
2026-03-10T12:15:10	s2	21.4	45.2
2026-03-10T12:15:10	s3	24.9	45.0
2026-03-10T12:15:11	s1	22.8	42.9
2026-03-10T12:15:11	s2	21.2	46.6
2026-03-10T12:15:11	s3	25.1	44.5
2026-03-10T12:15:12	s1	22.8	44.9
2026-03-10T12:15:12	s2	21.2	46.4
2026-03-10T12:15:12	s3	25.1	44.5
2026-03-10T12:15:13	s1	22.9	43.6
2026-03-10T12:15:13	s2	21.2	44.4
2026-03-10T12:15:13	s3	25.1	45.6
2026-03-10T12:15:14	s1	22.8	42.6
2026-03-10T12:15:14	s2	21.3	43.2
2026-03-10T12:15:14	s3	24.9	42.3
2026-03-10T12:15:15	s1	22.8	44.8
2026-03-10T12:15:15	s2	21.3	44.0
2026-03-10T12:15:15	s3	24.9	47.7
2026-03-10T12:15:16	s1	22.7	42.5
2026-03-10T12:15:16	s2	21.3	42.8
2026-03-10T12:15:16	s3	25.0	42.3
2026-03-10T12:15:17	s1	22.8	45.2
2026-03-10T12:15:17	s2	21.4	42.6
2026-03-10T12:15:17	s3	25.2	45.3
2026-03-10T12:15:18	s1	22.9	43.3
2026-03-10T12:15:18	s2	21.2	44.2
2026-03-10T12:15:18	s3	24.9	42.1
2026-03-10T12:15:19	s1	22.9	42.7
2026-03-10T12:15:19	s2	21.3	45.5
2026-03-10T12:15:19	s3	25.0	43.3
2026-03-10T12:15:20	s1	22.8	43.4
2026-03-10T12:15:20	s2	21.2	46.8
2026-03-10T12:15:20	s3	25.1	45.2
2026-03-10T12:15:21	s1	22.9	46.6
2026-03-10T12:15:21	s2	21.2	46.1
2026-03-10T12:15:21	s3	25.1	45.9
2026-03-10T12:15:22	s1	22.9	42.0
2026-03-10T12:15:22	s2	21.4	46.9
2026-03-10T12:15:22	s3	25.0	44.5
2026-03-10T12:15:23	s1	22.8	42.5
2026-03-10T12:15:23	s2	21.4	47.5
2026-03-10T12:15:23	s3	25.0	44.6
2026-03-10T12:15:24	s1	22.8	44.1
2026-03-10T12:15:24	s2	21.3	46.2
2026-03-10T12:15:24	s3	24.9	42.6
2026-03-10T12:15:25	s1	22.9	42.1
2026-03-10T12:15:25	s2	21.3	43.0
2026-03-10T12:15:25	s3	24.9	46.4
2026-03-10T12:15:26	s1	22.9	43.2
2026-03-10T12:15:26	s2	21.3	42.8
2026-03-10T12:15:26	s3	25.0	46.0
2026-03-10T12:15:27	s1	22.8	42.8
2026-03-10T12:15:27	s2	21.2	47.5
2026-03-10T12:15:27	s3	25.0	45.8
2026-03-10T12:15:28	s1	23.0	43.8
2026-03-10T12:15:28	s2	21.4	42.9
2026-03-10T12:15:28	s3	24.9	47.4
2026-03-10T12:15:29	s1	22.8	42.0
2026-03-10T12:15:29	s2	21.3	45.2
2026-03-10T12:15:29	s3	25.1	47.4
2026-03-10T12:15:30	s1	22.7	46.6
2026-03-10T12:15:30	s2	21.3	42.9
2026-03-10T12:15:30	s3	24.9	43.4
2026-03-10T12:15:31	s1	23.0	43.6
2026-03-10T12:15:31	s2	21.4	45.3
2026-03-10T12:15:31	s3	25.1	47.7
2026-03-10T12:15:32	s1	23.0	47.4
2026-03-10T12:15:32	s2	21.5	47.9
2026-03-10T12:15:32	s3	25.2	42.9
2026-03-10T12:15:33	s1	23.0	45.2
2026-03-10T12:15:33	s2	21.4	47.7
2026-03-10T12:15:33	s3	25.0	45.7
2026-03-10T12:15:34	s1	23.0	43.7
2026-03-10T12:15:34	s2	21.3	43.3
2026-03-10T12:15:34	s3	25.1	46.6
2026-03-10T12:15:35	s1	22.7	44.4
2026-03-10T12:15:35	s2	21.3	45.2
2026-03-10T12:15:35	s3	25.2	47.2
2026-03-10T12:15:36	s1	22.8	46.2
2026-03-10T12:15:36	s2	21.5	43.4
2026-03-10T12:15:36	s3	25.1	47.7
2026-03-10T12:15:37	s1	22.8	44.9
2026-03-10T12:15:37	s2	21.5	45.5
2026-03-10T12:15:37	s3	25.1	42.8
2026-03-10T12:15:38	s1	22.9	45.2
2026-03-10T12:15:38	s2	21.3	42.8
2026-03-10T12:15:38	s3	25.2	45.1
2026-03-10T12:15:39	s1	22.9	47.3
2026-03-10T12:15:39	s2	21.3	45.3
2026-03-10T12:15:39	s3	25.0	45.2
2026-03-10T12:15:40	s1	22.8	44.0
2026-03-10T12:15:40	s2	21.3	43.1
2026-03-10T12:15:40	s3	25.1	47.1
2026-03-10T12:15:41	s1	22.8	46.8
2026-03-10T12:15:41	s2	21.3	45.8
2026-03-10T12:15:41	s3	25.1	45.7
2026-03-10T12:15:42	s1	22.8	46.3
2026-03-10T12:15:42	s2	21.4	46.4
2026-03-10T12:15:42	s3	25.0	43.0
2026-03-10T12:15:43	s1	22.8	47.1
2026-03-10T12:15:43	s2	21.2	46.6
2026-03-10T12:15:43	s3	25.2	46.7
2026-03-10T12:15:44	s1	22.9	47.2
2026-03-10T12:15:44	s2	21.5	42.5
2026-03-10T12:15:44	s3	25.0	46.5
2026-03-10T12:15:45	s1	22.9	42.5
2026-03-10T12:15:45	s2	21.4	44.9
2026-03-10T12:15:45	s3	25.2	44.6
2026-03-10T12:15:46	s1	23.0	45.9
2026-03-10T12:15:46	s2	21.3	45.8
2026-03-10T12:15:46	s3	25.2	42.2
2026-03-10T12:15:47	s1	22.8	44.1
2026-03-10T12:15:47	s2	21.4	42.7
2026-03-10T12:15:47	s3	25.2	45.9
2026-03-10T12:15:48	s1	23.0	43.6
2026-03-10T12:15:48	s2	21.3	46.9
2026-03-10T12:15:48	s3	25.1	45.5
2026-03-10T12:15:49	s1	22.9	44.9
2026-03-10T12:15:49	s2	21.5	42.5
2026-03-10T12:15:49	s3	25.0	46.6
2026-03-10T12:15:50	s1	22.9	46.7
2026-03-10T12:15:50	s2	21.3	44.8
2026-03-10T12:15:50	s3	25.1	44.8
2026-03-10T12:15:51	s1	22.8	42.3
2026-03-10T12:15:51	s2	21.4	47.3
2026-03-10T12:15:51	s3	25.1	45.8
2026-03-10T12:15:52	s1	22.8	46.3
2026-03-10T12:15:52	s2	21.3	42.9
2026-03-10T12:15:52	s3	25.1	42.7
2026-03-10T12:15:53	s1	22.9	46.8
2026-03-10T12:15:53	s2	21.4	47.9
2026-03-10T12:15:53	s3	25.1	42.3
2026-03-10T12:15:54	s1	22.8	43.0
2026-03-10T12:15:54	s2	21.4	46.4
2026-03-10T12:15:54	s3	25.1	42.2
2026-03-10T12:15:55	s1	22.9	44.4
2026-03-10T12:15:55	s2	21.3	45.6
2026-03-10T12:15:55	s3	25.1	44.8
2026-03-10T12:15:56	s1	22.9	48.0
2026-03-10T12:15:56	s2	21.5	46.7
2026-03-10T12:15:56	s3	25.2	47.1
2026-03-10T12:15:57	s1	22.9	42.8
2026-03-10T12:15:57	s2	21.3	46.8
2026-03-10T12:15:57	s3	25.2	47.2
2026-03-10T12:15:58	s1	22.8	45.2
2026-03-10T12:15:58	s2	21.5	47.5
2026-03-10T12:15:58	s3	25.2	43.6
2026-03-10T12:15:59	s1	23.0	47.8
2026-03-10T12:15:59	s2	21.5	45.3
2026-03-10T12:15:59	s3	25.1	47.3
2026-03-10T12:16:00	s1	22.8	43.2
2026-03-10T12:16:00	s2	21.5	43.1
2026-03-10T12:16:00	s3	25.2	44.4
2026-03-10T12:16:01	s1	22.8	46.0
2026-03-10T12:16:01	s2	21.3	44.4
2026-03-10T12:16:01	s3	25.2	46.4
2026-03-10T12:16:02	s1	22.9	45.9
2026-03-10T12:16:02	s2	21.5	43.8
2026-03-10T12:16:02	s3	25.1	42.1
2026-03-10T12:16:03	s1	23.0	46.5
2026-03-10T12:16:03	s2	21.3	46.3
2026-03-10T12:16:03	s3	25.2	44.6
2026-03-10T12:16:04	s1	22.8	47.8
2026-03-10T12:16:04	s2	21.4	44.8
2026-03-10T12:16:04	s3	25.0	44.3
2026-03-10T12:16:05	s1	23.1	45.8
2026-03-10T12:16:05	s2	21.3	47.7
2026-03-10T12:16:05	s3	25.1	43.7
2026-03-10T12:16:06	s1	23.0	43.1
2026-03-10T12:16:06	s2	21.5	46.3
2026-03-10T12:16:06	s3	25.1	45.3
2026-03-10T12:16:07	s1	22.8	43.2
2026-03-10T12:16:07	s2	21.5	46.4
2026-03-10T12:16:07	s3	25.2	44.8
2026-03-10T12:16:08	s1	22.9	46.8
2026-03-10T12:16:08	s2	21.5	45.1
2026-03-10T12:16:08	s3	25.3	45.2
2026-03-10T12:16:09	s1	23.1	42.1
2026-03-10T12:16:09	s2	21.4	42.7
2026-03-10T12:16:09	s3	25.1	46.2
2026-03-10T12:16:10	s1	22.9	47.0
2026-03-10T12:16:10	s2	21.4	46.4
2026-03-10T12:16:10	s3	25.0	45.7
2026-03-10T12:16:11	s1	23.0	46.0
2026-03-10T12:16:11	s2	21.4	43.7
2026-03-10T12:16:11	s3	25.2	48.0
2026-03-10T12:16:12	s1	22.9	43.2
2026-03-10T12:16:12	s2	21.4	47.8
2026-03-10T12:16:12	s3	25.2	43.2
2026-03-10T12:16:13	s1	23.0	45.5
2026-03-10T12:16:13	s2	21.6	42.7
2026-03-10T12:16:13	s3	25.2	46.8
2026-03-10T12:16:14	s1	23.0	42.5
2026-03-10T12:16:14	s2	21.5	44.7
2026-03-10T12:16:14	s3	25.1	47.3
2026-03-10T12:16:15	s1	22.8	42.3
2026-03-10T12:16:15	s2	21.6	43.4
2026-03-10T12:16:15	s3	25.0	46.1
2026-03-10T12:16:16	s1	22.9	42.8
2026-03-10T12:16:16	s2	21.5	48.0
2026-03-10T12:16:16	s3	25.0	44.4
2026-03-10T12:16:17	s1	22.8	42.5
2026-03-10T12:16:17	s2	21.3	46.5
2026-03-10T12:16:17	s3	25.2	45.0
2026-03-10T12:16:18	s1	23.1	47.9
2026-03-10T12:16:18	s2	21.3	47.8
2026-03-10T12:16:18	s3	25.3	46.7
2026-03-10T12:16:19	s1	23.0	45.1
2026-03-10T12:16:19	s2	21.3	47.5
2026-03-10T12:16:19	s3	25.1	42.2
2026-03-10T12:16:20	s1	23.1	45.5
2026-03-10T12:16:20	s2	21.4	44.5
2026-03-10T12:16:20	s3	25.2	47.0
2026-03-10T12:16:21	s1	23.0	42.1
2026-03-10T12:16:21	s2	21.5	44.0
2026-03-10T12:16:21	s3	25.2	45.0
2026-03-10T12:16:22	s1	23.0	46.9
2026-03-10T12:16:22	s2	21.5	47.8
2026-03-10T12:16:22	s3	25.3	47.5
2026-03-10T12:16:23	s1	23.1	46.1
2026-03-10T12:16:23	s2	21.4	45.7
2026-03-10T12:16:23	s3	25.1	47.3
2026-03-10T12:16:24	s1	22.8	45.6
2026-03-10T12:16:24	s2	21.6	47.2
2026-03-10T12:16:24	s3	25.2	45.5
2026-03-10T12:16:25	s1	22.9	43.8
2026-03-10T12:16:25	s2	21.4	45.2
2026-03-10T12:16:25	s3	25.1	42.2
2026-03-10T12:16:26	s1	22.9	48.0
2026-03-10T12:16:26	s2	21.4	46.9
2026-03-10T12:16:26	s3	25.1	43.3
2026-03-10T12:16:27	s1	23.0	42.9
2026-03-10T12:16:27	s2	21.4	43.7
2026-03-10T12:16:27	s3	25.1	42.5
2026-03-10T12:16:28	s1	22.9	42.2
2026-03-10T12:16:28	s2	21.5	46.4
2026-03-10T12:16:28	s3	25.1	45.2
2026-03-10T12:16:29	s1	23.1	42.3
2026-03-10T12:16:29	s2	21.4	42.1
2026-03-10T12:16:29	s3	25.3	43.4
2026-03-10T12:16:30	s1	23.1	44.6
2026-03-10T12:16:30	s2	21.6	46.5
2026-03-10T12:16:30	s3	25.2	42.6
2026-03-10T12:16:31	s1	23.1	44.6
2026-03-10T12:16:31	s2	21.6	47.6
2026-03-10T12:16:31	s3	25.3	47.2
2026-03-10T12:16:32	s1	22.8	47.3
2026-03-10T12:16:32	s2	21.4	44.4
2026-03-10T12:16:32	s3	25.2	46.9
2026-03-10T12:16:33	s1	23.1	44.3
2026-03-10T12:16:33	s2	21.5	42.4
2026-03-10T12:16:33	s3	25.3	43.3
2026-03-10T12:16:34	s1	23.1	46.6
2026-03-10T12:16:34	s2	21.4	44.0
2026-03-10T12:16:34	s3	25.1	44.6
2026-03-10T12:16:35	s1	23.0	44.6
2026-03-10T12:16:35	s2	21.4	45.8
2026-03-10T12:16:35	s3	25.2	46.6
2026-03-10T12:16:36	s1	23.0	42.9
2026-03-10T12:16:36	s2	21.4	45.1
2026-03-10T12:16:36	s3	25.1	46.5
2026-03-10T12:16:37	s1	22.9	43.5
2026-03-10T12:16:37	s2	21.6	42.0
2026-03-10T12:16:37	s3	25.2	44.7
2026-03-10T12:16:38	s1	22.9	43.8
2026-03-10T12:16:38	s2	21.5	46.0
2026-03-10T12:16:38	s3	25.2	47.4
2026-03-10T12:16:39	s1	22.9	42.3
2026-03-10T12:16:39	s2	21.4	44.2
2026-03-10T12:16:39	s3	25.3	42.3
2026-03-10T12:16:40	s1	23.0	44.7
2026-03-10T12:16:40	s2	21.6	45.6
2026-03-10T12:16:40	s3	25.1	44.2
2026-03-10T12:16:41	s1	23.0	46.2
2026-03-10T12:16:41	s2	21.6	43.7
2026-03-10T12:16:41	s3	25.1	42.1
2026-03-10T12:16:42	s1	23.2	48.0
2026-03-10T12:16:42	s2	21.5	43.0
2026-03-10T12:16:42	s3	25.3	46.2
2026-03-10T12:16:43	s1	23.0	45.8
2026-03-10T12:16:43	s2	21.6	45.4
2026-03-10T12:16:43	s3	25.2	46.7
2026-03-10T12:16:44	s1	22.9	45.3
2026-03-10T12:16:44	s2	21.5	45.6
2026-03-10T12:16:44	s3	25.3	46.1
2026-03-10T12:16:45	s1	23.2	44.7
2026-03-10T12:16:45	s2	21.6	43.8
2026-03-10T12:16:45	s3	25.2	44.2
2026-03-10T12:16:46	s1	23.0	47.7
2026-03-10T12:16:46	s2	21.4	44.0
2026-03-10T12:16:46	s3	25.1	42.1
2026-03-10T12:16:47	s1	23.0	43.9
2026-03-10T12:16:47	s2	21.5	47.8
2026-03-10T12:16:47	s3	25.1	43.1
2026-03-10T12:16:48	s1	22.9	43.1
2026-03-10T12:16:48	s2	21.6	46.9
2026-03-10T12:16:48	s3	25.2	42.8
2026-03-10T12:16:49	s1	23.2	44.4
2026-03-10T12:16:49	s2	21.5	47.6
2026-03-10T12:16:49	s3	25.2	46.2
2026-03-10T12:16:50	s1	23.2	44.8
2026-03-10T12:16:50	s2	21.5	42.7
2026-03-10T12:16:50	s3	25.3	47.8
2026-03-10T12:16:51	s1	22.9	44.7
2026-03-10T12:16:51	s2	21.6	43.9
2026-03-10T12:16:51	s3	25.4	46.3
2026-03-10T12:16:52	s1	23.0	43.3
2026-03-10T12:16:52	s2	21.6	45.6
2026-03-10T12:16:52	s3	25.2	43.5
2026-03-10T12:16:53	s1	23.2	42.8
2026-03-10T12:16:53	s2	21.6	46.5
2026-03-10T12:16:53	s3	25.3	47.9
2026-03-10T12:16:54	s1	23.1	47.4
2026-03-10T12:16:54	s2	21.7	47.3
2026-03-10T12:16:54	s3	25.1	42.9
2026-03-10T12:16:55	s1	23.1	45.7
2026-03-10T12:16:55	s2	21.5	45.3
2026-03-10T12:16:55	s3	25.3	42.9
2026-03-10T12:16:56	s1	23.1	44.2
2026-03-10T12:16:56	s2	21.6	44.6
2026-03-10T12:16:56	s3	25.2	46.7
2026-03-10T12:16:57	s1	23.0	44.3
2026-03-10T12:16:57	s2	21.5	42.4
2026-03-10T12:16:57	s3	25.3	42.1
2026-03-10T12:16:58	s1	23.0	44.6
2026-03-10T12:16:58	s2	21.6	46.1
2026-03-10T12:16:58	s3	25.1	43.1
2026-03-10T12:16:59	s1	23.0	45.4
2026-03-10T12:16:59	s2	21.7	46.5
2026-03-10T12:16:59	s3	25.2	43.2
2026-03-10T12:17:00	s1	23.0	45.2
2026-03-10T12:17:00	s2	21.5	46.8
2026-03-10T12:17:00	s3	25.2	45.1
2026-03-10T12:17:01	s1	23.1	42.2
2026-03-10T12:17:01	s2	21.4	47.8
2026-03-10T12:17:01	s3	25.2	43.3
2026-03-10T12:17:02	s1	22.9	47.1
2026-03-10T12:17:02	s2	21.5	44.3
2026-03-10T12:17:02	s3	25.4	42.4
2026-03-10T12:17:03	s1	22.9	47.0
2026-03-10T12:17:03	s2	21.6	45.0
2026-03-10T12:17:03	s3	25.1	46.0
2026-03-10T12:17:04	s1	23.1	44.0
2026-03-10T12:17:04	s2	21.7	47.1
2026-03-10T12:17:04	s3	25.1	42.4
2026-03-10T12:17:05	s1	23.1	45.7
2026-03-10T12:17:05	s2	21.5	43.8
2026-03-10T12:17:05	s3	25.3	47.1
2026-03-10T12:17:06	s1	23.0	44.7
2026-03-10T12:17:06	s2	21.6	47.2
2026-03-10T12:17:06	s3	25.3	47.2
2026-03-10T12:17:07	s1	23.2	45.9
2026-03-10T12:17:07	s2	21.6	42.3
2026-03-10T12:17:07	s3	25.2	45.8
2026-03-10T12:17:08	s1	23.0	47.4
2026-03-10T12:17:08	s2	21.5	45.6
2026-03-10T12:17:08	s3	25.2	42.3
2026-03-10T12:17:09	s1	23.2	47.3
2026-03-10T12:17:09	s2	21.6	46.6
2026-03-10T12:17:09	s3	25.2	42.8
2026-03-10T12:17:10	s1	22.9	42.1
2026-03-10T12:17:10	s2	21.6	46.5
2026-03-10T12:17:10	s3	25.3	45.8
2026-03-10T12:17:11	s1	23.1	44.3
2026-03-10T12:17:11	s2	21.4	43.0
2026-03-10T12:17:11	s3	25.3	45.6
2026-03-10T12:17:12	s1	23.1	43.6
2026-03-10T12:17:12	s2	21.5	45.1
2026-03-10T12:17:12	s3	25.3	42.4
2026-03-10T12:17:13	s1	23.0	43.2
2026-03-10T12:17:13	s2	21.5	47.6
2026-03-10T12:17:13	s3	25.4	43.9
2026-03-10T12:17:14	s1	23.1	43.0
2026-03-10T12:17:14	s2	21.5	47.8
2026-03-10T12:17:14	s3	25.1	45.3
2026-03-10T12:17:15	s1	22.9	42.1
2026-03-10T12:17:15	s2	21.7	47.4
2026-03-10T12:17:15	s3	25.2	42.6
2026-03-10T12:17:16	s1	23.1	42.0
2026-03-10T12:17:16	s2	21.5	46.5
2026-03-10T12:17:16	s3	25.2	45.1
2026-03-10T12:17:17	s1	23.1	42.8
2026-03-10T12:17:17	s2	21.6	45.4
2026-03-10T12:17:17	s3	25.2	42.7
2026-03-10T12:17:18	s1	23.0	42.4
2026-03-10T12:17:18	s2	21.6	43.8
2026-03-10T12:17:18	s3	25.2	42.3
2026-03-10T12:17:19	s1	23.2	47.2
2026-03-10T12:17:19	s2	21.5	42.8
2026-03-10T12:17:19	s3	25.2	45.1
2026-03-10T12:17:20	s1	23.2	42.6
2026-03-10T12:17:20	s2	21.5	48.0
2026-03-10T12:17:20	s3	25.2	43.2
2026-03-10T12:17:21	s1	23.0	42.6
2026-03-10T12:17:21	s2	21.6	42.6
2026-03-10T12:17:21	s3	25.2	44.8
2026-03-10T12:17:22	s1	23.2	46.0
2026-03-10T12:17:22	s2	21.5	43.1
2026-03-10T12:17:22	s3	25.1	43.0
2026-03-10T12:17:23	s1	23.0	44.9
2026-03-10T12:17:23	s2	21.7	45.2
2026-03-10T12:17:23	s3	25.2	45.8
2026-03-10T12:17:24	s1	23.0	47.6
2026-03-10T12:17:24	s2	21.6	45.4
2026-03-10T12:17:24	s3	25.2	47.0
2026-03-10T12:17:25	s1	23.2	46.1
2026-03-10T12:17:25	s2	21.6	46.5
2026-03-10T12:17:25	s3	25.4	43.4
2026-03-10T12:17:26	s1	23.2	43.5
2026-03-10T12:17:26	s2	21.5	45.1
2026-03-10T12:17:26	s3	25.3	48.0
2026-03-10T12:17:27	s1	23.1	44.0
2026-03-10T12:17:27	s2	21.6	44.7
2026-03-10T12:17:27	s3	25.4	45.0
2026-03-10T12:17:28	s1	23.2	45.3
2026-03-10T12:17:28	s2	21.6	44.4
2026-03-10T12:17:28	s3	25.4	42.7
2026-03-10T12:17:29	s1	23.1	42.4
2026-03-10T12:17:29	s2	21.7	45.0
2026-03-10T12:17:29	s3	25.4	45.1
2026-03-10T12:17:30	s1	23.2	47.2
2026-03-10T12:17:30	s2	21.5	46.6
2026-03-10T12:17:30	s3	25.3	42.9
2026-03-10T12:17:31	s1	23.1	43.0
2026-03-10T12:17:31	s2	21.5	44.1
2026-03-10T12:17:31	s3	25.4	42.5
2026-03-10T12:17:32	s1	23.1	47.2
2026-03-10T12:17:32	s2	21.6	46.7
2026-03-10T12:17:32	s3	25.3	44.7
2026-03-10T12:17:33	s1	23.0	43.6
2026-03-10T12:17:33	s2	21.6	46.4
2026-03-10T12:17:33	s3	25.3	46.6
2026-03-10T12:17:34	s1	23.0	47.9
2026-03-10T12:17:34	s2	21.5	45.4
2026-03-10T12:17:34	s3	25.4	46.5
2026-03-10T12:17:35	s1	23.2	45.3
2026-03-10T12:17:35	s2	21.6	46.1
2026-03-10T12:17:35	s3	25.2	45.7
2026-03-10T12:17:36	s1	23.1	46.7
2026-03-10T12:17:36	s2	21.7	47.7
2026-03-10T12:17:36	s3	25.2	47.5
2026-03-10T12:17:37	s1	23.2	46.8
2026-03-10T12:17:37	s2	21.7	46.2
2026-03-10T12:17:37	s3	25.2	47.1
2026-03-10T12:17:38	s1	23.1	46.3
2026-03-10T12:17:38	s2	21.7	43.5
2026-03-10T12:17:38	s3	25.5	45.9
2026-03-10T12:17:39	s1	23.1	45.6
2026-03-10T12:17:39	s2	21.7	45.7
2026-03-10T12:17:39	s3	25.3	42.4
2026-03-10T12:17:40	s1	23.0	44.1
2026-03-10T12:17:40	s2	21.7	45.0
2026-03-10T12:17:40	s3	25.5	46.5
2026-03-10T12:17:41	s1	23.0	45.9
2026-03-10T12:17:41	s2	21.5	47.5
2026-03-10T12:17:41	s3	25.2	45.3
2026-03-10T12:17:42	s1	23.1	44.9
2026-03-10T12:17:42	s2	21.6	47.8
2026-03-10T12:17:42	s3	25.2	47.6
2026-03-10T12:17:43	s1	23.1	44.3
2026-03-10T12:17:43	s2	21.5	45.7
2026-03-10T12:17:43	s3	25.4	46.0
2026-03-10T12:17:44	s1	23.1	45.7
2026-03-10T12:17:44	s2	21.6	45.3
2026-03-10T12:17:44	s3	25.4	45.4
2026-03-10T12:17:45	s1	23.1	45.0
2026-03-10T12:17:45	s2	21.7	47.0
2026-03-10T12:17:45	s3	25.2	45.1
2026-03-10T12:17:46	s1	23.0	48.0
2026-03-10T12:17:46	s2	21.5	45.9
2026-03-10T12:17:46	s3	25.3	45.1
2026-03-10T12:17:47	s1	23.1	43.1
2026-03-10T12:17:47	s2	21.7	43.4
2026-03-10T12:17:47	s3	25.2	43.6
2026-03-10T12:17:48	s1	23.0	47.4
2026-03-10T12:17:48	s2	21.6	48.0
2026-03-10T12:17:48	s3	25.3	45.7
2026-03-10T12:17:49	s1	23.2	45.4
2026-03-10T12:17:49	s2	21.5	42.7
2026-03-10T12:17:49	s3	25.3	45.3
2026-03-10T12:17:50	s1	23.2	44.1
2026-03-10T12:17:50	s2	21.6	43.5
2026-03-10T12:17:50	s3	25.5	44.4
2026-03-10T12:17:51	s1	23.2	43.2
2026-03-10T12:17:51	s2	21.6	46.9
2026-03-10T12:17:51	s3	25.3	45.8
2026-03-10T12:17:52	s1	23.2	42.8
2026-03-10T12:17:52	s2	21.7	45.5
2026-03-10T12:17:52	s3	25.3	44.3
2026-03-10T12:17:53	s1	23.3	47.2
2026-03-10T12:17:53	s2	21.6	47.8
2026-03-10T12:17:53	s3	25.5	47.6
2026-03-10T12:17:54	s1	23.1	43.0
2026-03-10T12:17:54	s2	21.5	46.1
2026-03-10T12:17:54	s3	25.3	45.2
2026-03-10T12:17:55	s1	23.1	47.9
2026-03-10T12:17:55	s2	21.6	47.5
2026-03-10T12:17:55	s3	25.3	43.0
2026-03-10T12:17:56	s1	23.2	44.4
2026-03-10T12:17:56	s2	21.7	47.2
2026-03-10T12:17:56	s3	25.3	45.2
2026-03-10T12:17:57	s1	23.2	44.2
2026-03-10T12:17:57	s2	21.6	47.9
2026-03-10T12:17:57	s3	25.4	45.4
2026-03-10T12:17:58	s1	23.1	44.2
2026-03-10T12:17:58	s2	21.8	44.9
2026-03-10T12:17:58	s3	25.3	44.3
2026-03-10T12:17:59	s1	23.3	43.9
2026-03-10T12:17:59	s2	21.7	46.5
2026-03-10T12:17:59	s3	25.4	43.7
2026-03-10T12:18:00	s1	23.1	42.0
2026-03-10T12:18:00	s2	21.6	45.7
2026-03-10T12:18:00	s3	25.5	47.4
2026-03-10T12:18:01	s1	23.3	42.4
2026-03-10T12:18:01	s2	21.8	47.5
2026-03-10T12:18:01	s3	25.4	43.0
2026-03-10T12:18:02	s1	23.1	47.0
2026-03-10T12:18:02	s2	21.6	43.4
2026-03-10T12:18:02	s3	25.5	42.5
2026-03-10T12:18:03	s1	23.1	44.4
2026-03-10T12:18:03	s2	21.5	43.8
2026-03-10T12:18:03	s3	25.2	47.0
2026-03-10T12:18:04	s1	23.1	43.3
2026-03-10T12:18:04	s2	21.6	45.7
2026-03-10T12:18:04	s3	25.3	44.5
2026-03-10T12:18:05	s1	23.2	47.7
2026-03-10T12:18:05	s2	21.5	46.8
2026-03-10T12:18:05	s3	25.4	43.9
2026-03-10T12:18:06	s1	23.0	45.7
2026-03-10T12:18:06	s2	21.8	42.9
2026-03-10T12:18:06	s3	25.5	46.8
2026-03-10T12:18:07	s1	23.1	46.6
2026-03-10T12:18:07	s2	21.5	46.7
2026-03-10T12:18:07	s3	25.3	44.3
2026-03-10T12:18:08	s1	23.2	48.0
2026-03-10T12:18:08	s2	21.7	45.1
2026-03-10T12:18:08	s3	25.4	45.6
2026-03-10T12:18:09	s1	23.3	46.5
2026-03-10T12:18:09	s2	21.5	44.2
2026-03-10T12:18:09	s3	25.3	45.1
2026-03-10T12:18:10	s1	23.2	46.6
2026-03-10T12:18:10	s2	21.6	47.3
2026-03-10T12:18:10	s3	25.5	45.3
2026-03-10T12:18:11	s1	23.3	46.7
2026-03-10T12:18:11	s2	21.7	47.7
2026-03-10T12:18:11	s3	25.5	45.5
2026-03-10T12:18:12	s1	23.2	46.5
2026-03-10T12:18:12	s2	21.7	43.7
2026-03-10T12:18:12	s3	25.5	42.8
2026-03-10T12:18:13	s1	23.2	45.1
2026-03-10T12:18:13	s2	21.8	47.4
2026-03-10T12:18:13	s3	25.3	45.8
2026-03-10T12:18:14	s1	23.3	44.5
2026-03-10T12:18:14	s2	21.6	47.2
2026-03-10T12:18:14	s3	25.5	47.0
2026-03-10T12:18:15	s1	23.1	45.0
2026-03-10T12:18:15	s2	21.6	45.7
2026-03-10T12:18:15	s3	25.3	42.5
2026-03-10T12:18:16	s1	23.2	47.9
2026-03-10T12:18:16	s2	21.5	47.6
2026-03-10T12:18:16	s3	25.2	42.2
2026-03-10T12:18:17	s1	23.1	43.8
2026-03-10T12:18:17	s2	21.7	45.5
2026-03-10T12:18:17	s3	25.5	42.4
2026-03-10T12:18:18	s1	23.1	45.9
2026-03-10T12:18:18	s2	21.8	47.9
2026-03-10T12:18:18	s3	25.3	44.0
2026-03-10T12:18:19	s1	23.1	43.3
2026-03-10T12:18:19	s2	21.6	44.9
2026-03-10T12:18:19	s3	25.4	45.8
2026-03-10T12:18:20	s1	23.2	46.4
2026-03-10T12:18:20	s2	21.8	43.7
2026-03-10T12:18:20	s3	25.3	45.1
2026-03-10T12:18:21	s1	23.2	44.3
2026-03-10T12:18:21	s2	21.7	46.3
2026-03-10T12:18:21	s3	25.3	47.8
2026-03-10T12:18:22	s1	23.3	47.6
2026-03-10T12:18:22	s2	21.7	47.4
2026-03-10T12:18:22	s3	25.5	46.3
2026-03-10T12:18:23	s1	23.1	44.5
2026-03-10T12:18:23	s2	21.8	42.8
2026-03-10T12:18:23	s3	25.5	47.9
2026-03-10T12:18:24	s1	23.3	47.5
2026-03-10T12:18:24	s2	21.6	47.7
2026-03-10T12:18:24	s3	25.3	43.3
2026-03-10T12:18:25	s1	23.3	46.2
2026-03-10T12:18:25	s2	21.8	42.6
2026-03-10T12:18:25	s3	25.3	47.0
2026-03-10T12:18:26	s1	23.1	45.6
2026-03-10T12:18:26	s2	21.8	45.9
2026-03-10T12:18:26	s3	25.4	45.7
2026-03-10T12:18:27	s1	23.1	46.4
2026-03-10T12:18:27	s2	21.8	45.1
2026-03-10T12:18:27	s3	25.4	44.9
2026-03-10T12:18:28	s1	23.1	45.3
2026-03-10T12:18:28	s2	21.7	45.2
2026-03-10T12:18:28	s3	25.5	44.4
2026-03-10T12:18:29	s1	23.3	46.0
2026-03-10T12:18:29	s2	21.6	43.1
2026-03-10T12:18:29	s3	25.4	44.8
2026-03-10T12:18:30	s1	23.1	47.8
2026-03-10T12:18:30	s2	21.7	43.6
2026-03-10T12:18:30	s3	25.3	42.9
2026-03-10T12:18:31	s1	23.2	42.2
2026-03-10T12:18:31	s2	21.6	42.5
2026-03-10T12:18:31	s3	25.5	47.1
2026-03-10T12:18:32	s1	23.3	44.3
2026-03-10T12:18:32	s2	21.8	43.4
2026-03-10T12:18:32	s3	25.3	42.3
2026-03-10T12:18:33	s1	23.3	46.3
2026-03-10T12:18:33	s2	21.9	45.9
2026-03-10T12:18:33	s3	25.3	44.7
2026-03-10T12:18:34	s1	23.1	44.7
2026-03-10T12:18:34	s2	21.8	43.3
2026-03-10T12:18:34	s3	25.4	45.5
2026-03-10T12:18:35	s1	23.1	47.0
2026-03-10T12:18:35	s2	21.6	43.1
2026-03-10T12:18:35	s3	25.3	47.7
2026-03-10T12:18:36	s1	23.4	43.3
2026-03-10T12:18:36	s2	21.7	43.0
2026-03-10T12:18:36	s3	25.3	44.6
2026-03-10T12:18:37	s1	23.2	47.1
2026-03-10T12:18:37	s2	21.6	43.8
2026-03-10T12:18:37	s3	25.4	42.9
2026-03-10T12:18:38	s1	23.4	44.0
2026-03-10T12:18:38	s2	21.7	47.8
2026-03-10T12:18:38	s3	25.5	47.1
2026-03-10T12:18:39	s1	23.2	43.9
2026-03-10T12:18:39	s2	21.9	43.6
2026-03-10T12:18:39	s3	25.3	46.3
2026-03-10T12:18:40	s1	23.2	46.5
2026-03-10T12:18:40	s2	21.7	43.0
2026-03-10T12:18:40	s3	25.4	43.5
2026-03-10T12:18:41	s1	23.1	44.0
2026-03-10T12:18:41	s2	21.8	45.5
2026-03-10T12:18:41	s3	25.6	45.0
2026-03-10T12:18:42	s1	23.3	42.7
2026-03-10T12:18:42	s2	21.9	45.6
2026-03-10T12:18:42	s3	25.5	45.5
2026-03-10T12:18:43	s1	23.1	45.4
2026-03-10T12:18:43	s2	21.7	43.0
2026-03-10T12:18:43	s3	25.4	46.0
2026-03-10T12:18:44	s1	23.3	46.6
2026-03-10T12:18:44	s2	21.9	46.3
2026-03-10T12:18:44	s3	25.4	46.2
2026-03-10T12:18:45	s1	23.3	42.8
2026-03-10T12:18:45	s2	21.9	47.7
2026-03-10T12:18:45	s3	25.5	42.8
2026-03-10T12:18:46	s1	23.1	46.1
2026-03-10T12:18:46	s2	21.9	42.8
2026-03-10T12:18:46	s3	25.4	46.4
2026-03-10T12:18:47	s1	23.3	42.3
2026-03-10T12:18:47	s2	21.7	42.2
2026-03-10T12:18:47	s3	25.3	46.6
2026-03-10T12:18:48	s1	23.3	46.9
2026-03-10T12:18:48	s2	21.8	44.8
2026-03-10T12:18:48	s3	25.5	47.2
2026-03-10T12:18:49	s1	23.2	46.1
2026-03-10T12:18:49	s2	21.8	46.3
2026-03-10T12:18:49	s3	25.6	46.0
2026-03-10T12:18:50	s1	23.2	43.4
2026-03-10T12:18:50	s2	21.8	47.5
2026-03-10T12:18:50	s3	25.5	47.5
2026-03-10T12:18:51	s1	23.3	46.9
2026-03-10T12:18:51	s2	21.6	42.1
2026-03-10T12:18:51	s3	25.6	43.4
2026-03-10T12:18:52	s1	23.2	42.5
2026-03-10T12:18:52	s2	21.8	46.8
2026-03-10T12:18:52	s3	25.4	44.8
2026-03-10T12:18:53	s1	23.2	47.2
2026-03-10T12:18:53	s2	21.9	47.2
2026-03-10T12:18:53	s3	25.5	47.6
2026-03-10T12:18:54	s1	23.1	46.7
2026-03-10T12:18:54	s2	21.8	43.0
2026-03-10T12:18:54	s3	25.6	47.7
2026-03-10T12:18:55	s1	23.3	46.0
2026-03-10T12:18:55	s2	21.6	43.2
2026-03-10T12:18:55	s3	25.4	47.2
2026-03-10T12:18:56	s1	23.3	42.3
2026-03-10T12:18:56	s2	21.9	47.5
2026-03-10T12:18:56	s3	25.5	48.0
2026-03-10T12:18:57	s1	23.1	46.1
2026-03-10T12:18:57	s2	21.8	45.7
2026-03-10T12:18:57	s3	25.4	44.4
2026-03-10T12:18:58	s1	23.3	46.4
2026-03-10T12:18:58	s2	21.7	42.9
2026-03-10T12:18:58	s3	25.6	47.5
2026-03-10T12:18:59	s1	23.4	44.5
2026-03-10T12:18:59	s2	21.9	42.8
2026-03-10T12:18:59	s3	25.4	46.6
2026-03-10T12:19:00	s1	23.3	42.7
2026-03-10T12:19:00	s2	21.7	42.6
2026-03-10T12:19:00	s3	25.6	42.3
2026-03-10T12:19:01	s1	23.3	42.2
2026-03-10T12:19:01	s2	21.7	44.1
2026-03-10T12:19:01	s3	25.6	45.2
2026-03-10T12:19:02	s1	23.3	43.5
2026-03-10T12:19:02	s2	21.9	46.5
2026-03-10T12:19:02	s3	25.4	43.8
2026-03-10T12:19:03	s1	23.2	44.3
2026-03-10T12:19:03	s2	21.7	42.1
2026-03-10T12:19:03	s3	25.4	45.9
2026-03-10T12:19:04	s1	23.3	43.8
2026-03-10T12:19:04	s2	21.8	42.9
2026-03-10T12:19:04	s3	25.6	43.1
2026-03-10T12:19:05	s1	23.2	42.1
2026-03-10T12:19:05	s2	21.8	44.4
2026-03-10T12:19:05	s3	25.5	47.5
2026-03-10T12:19:06	s1	23.4	45.5
2026-03-10T12:19:06	s2	21.7	42.8
2026-03-10T12:19:06	s3	25.5	44.3
2026-03-10T12:19:07	s1	23.1	46.9
2026-03-10T12:19:07	s2	21.7	47.1
2026-03-10T12:19:07	s3	25.6	44.1
2026-03-10T12:19:08	s1	23.3	46.7
2026-03-10T12:19:08	s2	21.9	46.4
2026-03-10T12:19:08	s3	25.3	47.6
2026-03-10T12:19:09	s1	23.4	45.4
2026-03-10T12:19:09	s2	21.7	46.7
2026-03-10T12:19:09	s3	25.5	46.9
2026-03-10T12:19:10	s1	23.4	43.4
2026-03-10T12:19:10	s2	21.8	42.9
2026-03-10T12:19:10	s3	25.4	47.6
2026-03-10T12:19:11	s1	23.3	45.2
2026-03-10T12:19:11	s2	21.8	46.6
2026-03-10T12:19:11	s3	25.4	47.1
2026-03-10T12:19:12	s1	23.2	42.4
2026-03-10T12:19:12	s2	21.9	42.9
2026-03-10T12:19:12	s3	25.4	44.9
2026-03-10T12:19:13	s1	23.2	42.7
2026-03-10T12:19:13	s2	21.8	44.9
2026-03-10T12:19:13	s3	25.5	43.7
2026-03-10T12:19:14	s1	23.2	45.7
2026-03-10T12:19:14	s2	21.8	46.3
2026-03-10T12:19:14	s3	25.4	44.6
2026-03-10T12:19:15	s1	23.3	44.5
2026-03-10T12:19:15	s2	21.7	47.2
2026-03-10T12:19:15	s3	25.5	47.7
2026-03-10T12:19:16	s1	23.2	43.9
2026-03-10T12:19:16	s2	21.9	43.0
2026-03-10T12:19:16	s3	25.6	45.8
2026-03-10T12:19:17	s1	23.2	46.2
2026-03-10T12:19:17	s2	21.9	42.2
2026-03-10T12:19:17	s3	25.4	42.1
2026-03-10T12:19:18	s1	23.3	47.4
2026-03-10T12:19:18	s2	22.0	45.4
2026-03-10T12:19:18	s3	25.6	44.7
2026-03-10T12:19:19	s1	23.3	46.7
2026-03-10T12:19:19	s2	21.9	44.2
2026-03-10T12:19:19	s3	25.5	46.7
2026-03-10T12:19:20	s1	23.3	43.7
2026-03-10T12:19:20	s2	21.9	47.7
2026-03-10T12:19:20	s3	25.4	47.0
2026-03-10T12:19:21	s1	23.2	46.9
2026-03-10T12:19:21	s2	21.8	42.0
2026-03-10T12:19:21	s3	25.4	42.4
2026-03-10T12:19:22	s1	23.2	46.7
2026-03-10T12:19:22	s2	21.7	43.2
2026-03-10T12:19:22	s3	25.6	46.4
2026-03-10T12:19:23	s1	23.3	43.4
2026-03-10T12:19:23	s2	21.8	43.7
2026-03-10T12:19:23	s3	25.7	44.9
2026-03-10T12:19:24	s1	23.3	42.3
2026-03-10T12:19:24	s2	21.7	42.6
2026-03-10T12:19:24	s3	25.6	44.2
2026-03-10T12:19:25	s1	23.2	45.6
2026-03-10T12:19:25	s2	21.9	42.6
2026-03-10T12:19:25	s3	25.5	42.4
2026-03-10T12:19:26	s1	23.2	45.1
2026-03-10T12:19:26	s2	21.8	42.6
2026-03-10T12:19:26	s3	25.4	46.3
2026-03-10T12:19:27	s1	23.3	47.8
2026-03-10T12:19:27	s2	21.9	43.7
2026-03-10T12:19:27	s3	25.7	47.7
2026-03-10T12:19:28	s1	23.3	43.2
2026-03-10T12:19:28	s2	21.8	42.7
2026-03-10T12:19:28	s3	25.4	42.1
2026-03-10T12:19:29	s1	23.3	44.1
2026-03-10T12:19:29	s2	21.9	46.1
2026-03-10T12:19:29	s3	25.5	46.2
2026-03-10T12:19:30	s1	23.4	45.0
2026-03-10T12:19:30	s2	21.7	45.4
2026-03-10T12:19:30	s3	25.5	48.0
2026-03-10T12:19:31	s1	23.4	46.7
2026-03-10T12:19:31	s2	21.9	42.9
2026-03-10T12:19:31	s3	25.6	47.6
2026-03-10T12:19:32	s1	23.5	47.0
2026-03-10T12:19:32	s2	22.0	44.6
2026-03-10T12:19:32	s3	25.4	44.1
2026-03-10T12:19:33	s1	23.2	43.4
2026-03-10T12:19:33	s2	21.7	47.1
2026-03-10T12:19:33	s3	25.4	42.3
2026-03-10T12:19:34	s1	23.3	44.5
2026-03-10T12:19:34	s2	21.7	47.8
2026-03-10T12:19:34	s3	25.6	42.1
2026-03-10T12:19:35	s1	23.2	42.7
2026-03-10T12:19:35	s2	21.8	44.9
2026-03-10T12:19:35	s3	25.5	47.5
2026-03-10T12:19:36	s1	23.2	46.5
2026-03-10T12:19:36	s2	21.8	43.4
2026-03-10T12:19:36	s3	25.6	45.3
2026-03-10T12:19:37	s1	23.4	45.4
2026-03-10T12:19:37	s2	21.9	46.2
2026-03-10T12:19:37	s3	25.6	45.4
2026-03-10T12:19:38	s1	23.3	46.0
2026-03-10T12:19:38	s2	21.9	43.9
2026-03-10T12:19:38	s3	25.5	43.5
2026-03-10T12:19:39	s1	23.4	42.2
2026-03-10T12:19:39	s2	21.9	45.9
2026-03-10T12:19:39	s3	25.6	45.0
2026-03-10T12:19:40	s1	23.5	46.7
2026-03-10T12:19:40	s2	21.9	45.0
2026-03-10T12:19:40	s3	25.5	42.4
2026-03-10T12:19:41	s1	23.3	44.6
2026-03-10T12:19:41	s2	21.7	44.5
2026-03-10T12:19:41	s3	25.6	46.5
2026-03-10T12:19:42	s1	23.2	47.4
2026-03-10T12:19:42	s2	22.0	42.9
2026-03-10T12:19:42	s3	25.6	47.7
2026-03-10T12:19:43	s1	23.4	45.4
2026-03-10T12:19:43	s2	21.8	47.0
2026-03-10T12:19:43	s3	25.6	44.6
2026-03-10T12:19:44	s1	23.3	46.1
2026-03-10T12:19:44	s2	21.9	45.5
2026-03-10T12:19:44	s3	25.5	45.4
2026-03-10T12:19:45	s1	23.3	45.7
2026-03-10T12:19:45	s2	22.0	42.4
2026-03-10T12:19:45	s3	25.7	43.6
2026-03-10T12:19:46	s1	23.5	47.1
2026-03-10T12:19:46	s2	22.0	42.8
2026-03-10T12:19:46	s3	25.5	42.3
2026-03-10T12:19:47	s1	23.4	47.4
2026-03-10T12:19:47	s2	22.0	42.6
2026-03-10T12:19:47	s3	25.5	47.0
2026-03-10T12:19:48	s1	23.4	46.0
2026-03-10T12:19:48	s2	21.9	46.0
2026-03-10T12:19:48	s3	25.5	47.1
2026-03-10T12:19:49	s1	23.5	45.3
2026-03-10T12:19:49	s2	22.0	42.5
2026-03-10T12:19:49	s3	25.5	46.2
2026-03-10T12:19:50	s1	23.4	45.1
2026-03-10T12:19:50	s2	21.9	48.0
2026-03-10T12:19:50	s3	25.6	47.4
2026-03-10T12:19:51	s1	23.5	42.5
2026-03-10T12:19:51	s2	21.9	42.1
2026-03-10T12:19:51	s3	25.7	45.0
2026-03-10T12:19:52	s1	23.4	43.7
2026-03-10T12:19:52	s2	21.9	42.2
2026-03-10T12:19:52	s3	25.7	42.4
2026-03-10T12:19:53	s1	23.4	44.4
2026-03-10T12:19:53	s2	21.8	45.2
2026-03-10T12:19:53	s3	25.5	42.7
2026-03-10T12:19:54	s1	23.5	47.3
2026-03-10T12:19:54	s2	21.9	46.4
2026-03-10T12:19:54	s3	25.5	47.9
2026-03-10T12:19:55	s1	23.5	44.2
2026-03-10T12:19:55	s2	22.0	45.2
2026-03-10T12:19:55	s3	25.5	42.2
2026-03-10T12:19:56	s1	23.4	44.5
2026-03-10T12:19:56	s2	21.8	46.0
2026-03-10T12:19:56	s3	25.7	43.1
2026-03-10T12:19:57	s1	23.3	45.4
2026-03-10T12:19:57	s2	21.8	44.4
2026-03-10T12:19:57	s3	25.7	46.0
2026-03-10T12:19:58	s1	23.5	45.1
2026-03-10T12:19:58	s2	21.9	46.9
2026-03-10T12:19:58	s3	25.5	43.0
2026-03-10T12:19:59	s1	23.4	45.4
2026-03-10T12:19:59	s2	21.9	44.8
2026-03-10T12:19:59	s3	25.7	45.5
2026-03-10T12:20:00	s1	23.5	47.6
2026-03-10T12:20:00	s2	21.9	45.8
2026-03-10T12:20:00	s3	65.5	45.5
2026-03-10T12:20:01	s1	23.3	42.7
2026-03-10T12:20:01	s2	22.0	42.5
2026-03-10T12:20:01	s3	65.6	42.7
2026-03-10T12:20:02	s1	23.4	45.0
2026-03-10T12:20:02	s2	21.9	43.5
2026-03-10T12:20:02	s3	25.6	46.0
2026-03-10T12:20:03	s1	23.5	45.3
2026-03-10T12:20:03	s2	21.8	46.3
2026-03-10T12:20:03	s3	25.6	46.7
2026-03-10T12:20:04	s1	23.4	46.8
2026-03-10T12:20:04	s2	22.0	46.0
2026-03-10T12:20:04	s3	25.6	43.8
2026-03-10T12:20:05	s1	23.3	45.6
2026-03-10T12:20:05	s2	21.9	45.8
2026-03-10T12:20:05	s3	25.7	44.3
2026-03-10T12:20:06	s1	23.4	46.3
2026-03-10T12:20:06	s2	22.0	44.6
2026-03-10T12:20:06	s3	25.5	45.1
2026-03-10T12:20:07	s1	23.3	44.7
2026-03-10T12:20:07	s2	21.8	44.0
2026-03-10T12:20:07	s3	25.6	43.0
2026-03-10T12:20:08	s1	23.5	45.5
2026-03-10T12:20:08	s2	21.8	45.8
2026-03-10T12:20:08	s3	25.5	45.3
2026-03-10T12:20:09	s1	23.3	47.8
2026-03-10T12:20:09	s2	22.1	46.7
2026-03-10T12:20:09	s3	25.5	44.4
2026-03-10T12:20:10	s1	23.5	43.4
2026-03-10T12:20:10	s2	21.8	44.6
2026-03-10T12:20:10	s3	25.8	44.4
2026-03-10T12:20:11	s1	23.3	47.9
2026-03-10T12:20:11	s2	21.9	45.6
2026-03-10T12:20:11	s3	25.5	42.1
2026-03-10T12:20:12	s1	23.5	42.5
2026-03-10T12:20:12	s2	21.8	48.0
2026-03-10T12:20:12	s3	25.5	47.4
2026-03-10T12:20:13	s1	23.6	43.5
2026-03-10T12:20:13	s2	22.0	47.9
2026-03-10T12:20:13	s3	25.7	43.0
2026-03-10T12:20:14	s1	23.5	43.2
2026-03-10T12:20:14	s2	21.9	43.4
2026-03-10T12:20:14	s3	25.6	44.4
2026-03-10T12:20:15	s1	23.3	43.1
2026-03-10T12:20:15	s2	21.9	47.5
2026-03-10T12:20:15	s3	25.6	45.1
2026-03-10T12:20:16	s1	23.4	46.7
2026-03-10T12:20:16	s2	22.0	47.5
2026-03-10T12:20:16	s3	25.6	47.7
2026-03-10T12:20:17	s1	23.5	45.0
2026-03-10T12:20:17	s2	21.9	45.7
2026-03-10T12:20:17	s3	25.6	45.9
2026-03-10T12:20:18	s1	23.5	46.2
2026-03-10T12:20:18	s2	21.9	46.7
2026-03-10T12:20:18	s3	25.6	47.1
2026-03-10T12:20:19	s1	23.4	46.4
2026-03-10T12:20:19	s2	22.1	47.6
2026-03-10T12:20:19	s3	25.5	45.1
2026-03-10T12:20:20	s1	23.5	45.6
2026-03-10T12:20:20	s2	22.0	45.3
2026-03-10T12:20:20	s3	25.5	45.2
2026-03-10T12:20:21	s1	23.6	42.0
2026-03-10T12:20:21	s2	21.9	47.0
2026-03-10T12:20:21	s3	25.5	43.6
2026-03-10T12:20:22	s1	23.4	44.5
2026-03-10T12:20:22	s2	22.0	42.6
2026-03-10T12:20:22	s3	25.6	44.0
2026-03-10T12:20:23	s1	23.3	44.4
2026-03-10T12:20:23	s2	21.9	43.6
2026-03-10T12:20:23	s3	25.6	46.0
2026-03-10T12:20:24	s1	23.5	47.5
2026-03-10T12:20:24	s2	22.0	45.5
2026-03-10T12:20:24	s3	25.7	45.3
2026-03-10T12:20:25	s1	23.4	45.0
2026-03-10T12:20:25	s2	22.0	46.1
2026-03-10T12:20:25	s3	25.8	44.0
2026-03-10T12:20:26	s1	23.5	47.9
2026-03-10T12:20:26	s2	22.0	42.3
2026-03-10T12:20:26	s3	25.5	42.8
2026-03-10T12:20:27	s1	23.5	43.1
2026-03-10T12:20:27	s2	22.1	46.7
2026-03-10T12:20:27	s3	25.8	43.5
2026-03-10T12:20:28	s1	23.6	47.3
2026-03-10T12:20:28	s2	21.8	42.7
2026-03-10T12:20:28	s3	25.6	44.5
2026-03-10T12:20:29	s1	23.5	43.4
2026-03-10T12:20:29	s2	22.0	46.5
2026-03-10T12:20:29	s3	25.7	44.4
2026-03-10T12:20:30	s1	23.4	43.5
2026-03-10T12:20:30	s2	22.1	45.9
2026-03-10T12:20:30	s3	25.5	45.5
2026-03-10T12:20:31	s1	23.4	45.6
2026-03-10T12:20:31	s2	21.9	42.0
2026-03-10T12:20:31	s3	25.5	45.9
2026-03-10T12:20:32	s1	23.5	46.8
2026-03-10T12:20:32	s2	21.9	47.8
2026-03-10T12:20:32	s3	25.6	42.3
2026-03-10T12:20:33	s1	23.6	48.0
2026-03-10T12:20:33	s2	22.0	43.6
2026-03-10T12:20:33	s3	25.8	47.2
2026-03-10T12:20:34	s1	23.5	44.6
2026-03-10T12:20:34	s2	21.9	44.0
2026-03-10T12:20:34	s3	25.6	43.0
2026-03-10T12:20:35	s1	23.6	47.6
2026-03-10T12:20:35	s2	21.9	47.2
2026-03-10T12:20:35	s3	25.7	44.7
2026-03-10T12:20:36	s1	23.5	42.2
2026-03-10T12:20:36	s2	22.0	47.7
2026-03-10T12:20:36	s3	25.8	47.8
2026-03-10T12:20:37	s1	23.4	45.0
2026-03-10T12:20:37	s2	22.0	44.6
2026-03-10T12:20:37	s3	25.6	46.7
2026-03-10T12:20:38	s1	23.4	44.4
2026-03-10T12:20:38	s2	21.9	42.8
2026-03-10T12:20:38	s3	25.7	46.6
2026-03-10T12:20:39	s1	23.4	43.7
2026-03-10T12:20:39	s2	21.9	45.8
2026-03-10T12:20:39	s3	25.7	44.1
2026-03-10T12:20:40	s1	23.6	42.1
2026-03-10T12:20:40	s2	22.1	44.6
2026-03-10T12:20:40	s3	25.8	42.7
2026-03-10T12:20:41	s1	23.4	43.1
2026-03-10T12:20:41	s2	22.1	44.7
2026-03-10T12:20:41	s3	25.8	44.9
2026-03-10T12:20:42	s1	23.5	43.9
2026-03-10T12:20:42	s2	21.9	43.9
2026-03-10T12:20:42	s3	25.6	42.2
2026-03-10T12:20:43	s1	23.4	43.7
2026-03-10T12:20:43	s2	22.1	42.6
2026-03-10T12:20:43	s3	25.8	47.1
2026-03-10T12:20:44	s1	23.6	43.5
2026-03-10T12:20:44	s2	22.1	45.8
2026-03-10T12:20:44	s3	25.8	42.0
2026-03-10T12:20:45	s1	23.6	45.2
2026-03-10T12:20:45	s2	21.9	45.5
2026-03-10T12:20:45	s3	25.8	44.9
2026-03-10T12:20:46	s1	23.5	45.4
2026-03-10T12:20:46	s2	21.9	42.5
2026-03-10T12:20:46	s3	25.7	47.3
2026-03-10T12:20:47	s1	23.4	47.6
2026-03-10T12:20:47	s2	22.1	47.6
2026-03-10T12:20:47	s3	25.6	42.8
2026-03-10T12:20:48	s1	23.6	46.8
2026-03-10T12:20:48	s2	22.1	45.8
2026-03-10T12:20:48	s3	25.7	42.9
2026-03-10T12:20:49	s1	23.4	43.0
2026-03-10T12:20:49	s2	21.9	43.5
2026-03-10T12:20:49	s3	25.8	47.3
2026-03-10T12:20:50	s1	23.5	44.6
2026-03-10T12:20:50	s2	22.1	46.4
2026-03-10T12:20:50	s3	25.8	45.2
2026-03-10T12:20:51	s1	23.5	44.1
2026-03-10T12:20:51	s2	22.1	43.0
2026-03-10T12:20:51	s3	25.8	47.7
2026-03-10T12:20:52	s1	23.4	42.8
2026-03-10T12:20:52	s2	22.1	46.2
2026-03-10T12:20:52	s3	25.6	43.9
2026-03-10T12:20:53	s1	23.4	46.8
2026-03-10T12:20:53	s2	22.1	43.6
2026-03-10T12:20:53	s3	25.6	47.7
2026-03-10T12:20:54	s1	23.4	45.9
2026-03-10T12:20:54	s2	21.9	44.8
2026-03-10T12:20:54	s3	25.8	47.2
2026-03-10T12:20:55	s1	23.6	42.5
2026-03-10T12:20:55	s2	21.9	43.2
2026-03-10T12:20:55	s3	25.8	47.9
2026-03-10T12:20:56	s1	23.4	45.2
2026-03-10T12:20:56	s2	22.1	46.4
2026-03-10T12:20:56	s3	25.7	47.6
2026-03-10T12:20:57	s1	23.6	47.9
2026-03-10T12:20:57	s2	22.0	47.4
2026-03-10T12:20:57	s3	25.7	43.2
2026-03-10T12:20:58	s1	23.6	45.9
2026-03-10T12:20:58	s2	22.1	43.0
2026-03-10T12:20:58	s3	25.6	43.1
2026-03-10T12:20:59	s1	23.6	45.2
2026-03-10T12:20:59	s2	22.1	46.9
2026-03-10T12:20:59	s3	25.8	44.1
2026-03-10T12:21:00	s1	23.4	45.3
2026-03-10T12:21:00	s2	22.1	42.4
2026-03-10T12:21:00	s3	25.8	47.8
2026-03-10T12:21:01	s1	23.6	43.5
2026-03-10T12:21:01	s2	22.1	43.2
2026-03-10T12:21:01	s3	25.7	48.0
2026-03-10T12:21:02	s1	23.7	43.9
2026-03-10T12:21:02	s2	22.0	47.0
2026-03-10T12:21:02	s3	25.7	47.4
2026-03-10T12:21:03	s1	23.5	43.4
2026-03-10T12:21:03	s2	22.0	42.2
2026-03-10T12:21:03	s3	25.9	46.2
2026-03-10T12:21:04	s1	23.6	42.6
2026-03-10T12:21:04	s2	21.9	47.2
2026-03-10T12:21:04	s3	25.7	45.0
2026-03-10T12:21:05	s1	23.5	42.4
2026-03-10T12:21:05	s2	22.0	47.9
2026-03-10T12:21:05	s3	25.7	43.5
2026-03-10T12:21:06	s1	23.6	44.2
2026-03-10T12:21:06	s2	22.0	42.3
2026-03-10T12:21:06	s3	25.7	46.9
2026-03-10T12:21:07	s1	23.6	46.1
2026-03-10T12:21:07	s2	22.0	45.7
2026-03-10T12:21:07	s3	25.7	46.7
2026-03-10T12:21:08	s1	23.4	45.9
2026-03-10T12:21:08	s2	22.1	47.5
2026-03-10T12:21:08	s3	25.8	43.9
2026-03-10T12:21:09	s1	23.6	42.7
2026-03-10T12:21:09	s2	22.0	47.8
2026-03-10T12:21:09	s3	25.7	43.5
2026-03-10T12:21:10	s1	23.5	44.3
2026-03-10T12:21:10	s2	22.1	45.5
2026-03-10T12:21:10	s3	25.9	45.2
2026-03-10T12:21:11	s1	23.6	47.3
2026-03-10T12:21:11	s2	22.1	45.6
2026-03-10T12:21:11	s3	25.7	47.9
2026-03-10T12:21:12	s1	23.5	46.2
2026-03-10T12:21:12	s2	22.1	42.6
2026-03-10T12:21:12	s3	25.8	46.1
2026-03-10T12:21:13	s1	23.5	43.4
2026-03-10T12:21:13	s2	22.1	47.2
2026-03-10T12:21:13	s3	25.9	45.2
2026-03-10T12:21:14	s1	23.7	46.3
2026-03-10T12:21:14	s2	21.9	42.8
2026-03-10T12:21:14	s3	25.7	45.3
2026-03-10T12:21:15	s1	23.5	44.7
2026-03-10T12:21:15	s2	22.1	43.4
2026-03-10T12:21:15	s3	25.8	42.9
2026-03-10T12:21:16	s1	23.4	45.9
2026-03-10T12:21:16	s2	22.1	42.2
2026-03-10T12:21:16	s3	25.9	42.9
2026-03-10T12:21:17	s1	23.7	43.3
2026-03-10T12:21:17	s2	22.0	47.2
2026-03-10T12:21:17	s3	25.9	46.3
2026-03-10T12:21:18	s1	23.6	43.3
2026-03-10T12:21:18	s2	21.9	42.3
2026-03-10T12:21:18	s3	25.6	43.1
2026-03-10T12:21:19	s1	23.5	42.0
2026-03-10T12:21:19	s2	21.9	45.1
2026-03-10T12:21:19	s3	25.7	44.3
2026-03-10T12:21:20	s1	23.4	42.2
2026-03-10T12:21:20	s2	22.2	45.6
2026-03-10T12:21:20	s3	25.9	47.5
2026-03-10T12:21:21	s1	23.6	46.3
2026-03-10T12:21:21	s2	21.9	45.3
2026-03-10T12:21:21	s3	25.9	43.1
2026-03-10T12:21:22	s1	23.5	42.6
2026-03-10T12:21:22	s2	21.9	46.3
2026-03-10T12:21:22	s3	25.9	43.7
2026-03-10T12:21:23	s1	23.5	43.5
2026-03-10T12:21:23	s2	22.2	45.5
2026-03-10T12:21:23	s3	25.8	46.7
2026-03-10T12:21:24	s1	23.5	46.7
2026-03-10T12:21:24	s2	22.1	45.3
2026-03-10T12:21:24	s3	25.7	43.9
2026-03-10T12:21:25	s1	23.5	47.9
2026-03-10T12:21:25	s2	22.0	46.1
2026-03-10T12:21:25	s3	25.6	42.0
2026-03-10T12:21:26	s1	23.6	48.0
2026-03-10T12:21:26	s2	22.1	46.5
2026-03-10T12:21:26	s3	25.9	42.0
2026-03-10T12:21:27	s1	23.7	43.7
2026-03-10T12:21:27	s2	22.0	46.5
2026-03-10T12:21:27	s3	25.7	47.0
2026-03-10T12:21:28	s1	23.5	47.4
2026-03-10T12:21:28	s2	21.9	44.6
2026-03-10T12:21:28	s3	25.9	44.3
2026-03-10T12:21:29	s1	23.5	42.4
2026-03-10T12:21:29	s2	22.2	44.4
2026-03-10T12:21:29	s3	25.7	47.2
2026-03-10T12:21:30	s1	23.6	46.2
2026-03-10T12:21:30	s2	22.2	47.7
2026-03-10T12:21:30	s3	25.9	42.0
2026-03-10T12:21:31	s1	23.6	43.9
2026-03-10T12:21:31	s2	22.0	46.9
2026-03-10T12:21:31	s3	25.9	43.6
2026-03-10T12:21:32	s1	23.6	42.3
2026-03-10T12:21:32	s2	22.1	44.2
2026-03-10T12:21:32	s3	25.8	43.2
2026-03-10T12:21:33	s1	23.6	43.2
2026-03-10T12:21:33	s2	22.1	44.3
2026-03-10T12:21:33	s3	25.9	45.4
2026-03-10T12:21:34	s1	23.6	44.3
2026-03-10T12:21:34	s2	22.1	42.1
2026-03-10T12:21:34	s3	25.7	44.6
2026-03-10T12:21:35	s1	23.6	47.4
2026-03-10T12:21:35	s2	22.1	44.8
2026-03-10T12:21:35	s3	25.9	46.0
2026-03-10T12:21:36	s1	23.6	45.7
2026-03-10T12:21:36	s2	22.0	44.2
2026-03-10T12:21:36	s3	25.8	43.1
2026-03-10T12:21:37	s1	23.6	42.5
2026-03-10T12:21:37	s2	22.1	44.3
2026-03-10T12:21:37	s3	25.8	43.4
2026-03-10T12:21:38	s1	23.5	42.5
2026-03-10T12:21:38	s2	22.1	46.2
2026-03-10T12:21:38	s3	25.9	44.7
2026-03-10T12:21:39	s1	23.7	45.1
2026-03-10T12:21:39	s2	22.1	47.2
2026-03-10T12:21:39	s3	25.8	43.8
2026-03-10T12:21:40	s1	23.5	47.1
2026-03-10T12:21:40	s2	22.2	47.9
2026-03-10T12:21:40	s3	25.8	47.6
2026-03-10T12:21:41	s1	23.7	46.7
2026-03-10T12:21:41	s2	22.1	45.1
2026-03-10T12:21:41	s3	25.9	42.7
2026-03-10T12:21:42	s1	23.6	43.7
2026-03-10T12:21:42	s2	22.0	46.5
2026-03-10T12:21:42	s3	25.8	44.3
2026-03-10T12:21:43	s1	23.5	42.4
2026-03-10T12:21:43	s2	22.1	46.8
2026-03-10T12:21:43	s3	25.8	42.9
2026-03-10T12:21:44	s1	23.5	46.3
2026-03-10T12:21:44	s2	22.1	42.8
2026-03-10T12:21:44	s3	25.7	43.0
2026-03-10T12:21:45	s1	23.6	44.9
2026-03-10T12:21:45	s2	22.1	42.4
2026-03-10T12:21:45	s3	25.7	46.2
2026-03-10T12:21:46	s1	23.8	47.3
2026-03-10T12:21:46	s2	22.2	44.2
2026-03-10T12:21:46	s3	25.9	42.6
2026-03-10T12:21:47	s1	23.6	46.1
2026-03-10T12:21:47	s2	22.1	47.0
2026-03-10T12:21:47	s3	25.7	44.6
2026-03-10T12:21:48	s1	23.6	42.0
2026-03-10T12:21:48	s2	22.1	42.8
2026-03-10T12:21:48	s3	25.9	45.0
2026-03-10T12:21:49	s1	23.5	45.4
2026-03-10T12:21:49	s2	22.2	42.3
2026-03-10T12:21:49	s3	25.9	43.3
2026-03-10T12:21:50	s1	23.7	44.1
2026-03-10T12:21:50	s2	22.1	42.3
2026-03-10T12:21:50	s3	25.7	47.0
2026-03-10T12:21:51	s1	23.6	47.2
2026-03-10T12:21:51	s2	22.3	45.0
2026-03-10T12:21:51	s3	25.9	45.7
2026-03-10T12:21:52	s1	23.7	47.3
2026-03-10T12:21:52	s2	22.1	42.4
2026-03-10T12:21:52	s3	25.8	45.9
2026-03-10T12:21:53	s1	23.7	45.1
2026-03-10T12:21:53	s2	22.0	43.6
2026-03-10T12:21:53	s3	25.8	42.5
2026-03-10T12:21:54	s1	23.8	42.4
2026-03-10T12:21:54	s2	22.3	45.3
2026-03-10T12:21:54	s3	26.0	46.6
2026-03-10T12:21:55	s1	23.5	42.4
2026-03-10T12:21:55	s2	22.2	47.7
2026-03-10T12:21:55	s3	25.9	46.5
2026-03-10T12:21:56	s1	23.5	42.7
2026-03-10T12:21:56	s2	22.1	42.0
2026-03-10T12:21:56	s3	25.7	44.8
2026-03-10T12:21:57	s1	23.7	47.9
2026-03-10T12:21:57	s2	22.2	43.9
2026-03-10T12:21:57	s3	25.8	46.5
2026-03-10T12:21:58	s1	23.5	44.2
2026-03-10T12:21:58	s2	22.3	47.2
2026-03-10T12:21:58	s3	25.8	46.9
2026-03-10T12:21:59	s1	23.5	42.3
2026-03-10T12:21:59	s2	22.1	46.9
2026-03-10T12:21:59	s3	25.9	46.1
2026-03-10T12:22:00	s1	23.5	44.9
2026-03-10T12:22:00	s2	22.3	47.0
2026-03-10T12:22:00	s3	25.9	47.3
2026-03-10T12:22:01	s1	23.7	43.9
2026-03-10T12:22:01	s2	22.2	46.2
2026-03-10T12:22:01	s3	25.8	45.9
2026-03-10T12:22:02	s1	23.7	45.1
2026-03-10T12:22:02	s2	22.1	45.3
2026-03-10T12:22:02	s3	25.8	47.1
2026-03-10T12:22:03	s1	23.6	45.6
2026-03-10T12:22:03	s2	22.1	44.8
2026-03-10T12:22:03	s3	25.7	47.0
2026-03-10T12:22:04	s1	23.5	45.7
2026-03-10T12:22:04	s2	22.2	47.6
2026-03-10T12:22:04	s3	26.0	43.2
2026-03-10T12:22:05	s1	23.6	45.2
2026-03-10T12:22:05	s2	22.1	46.6
2026-03-10T12:22:05	s3	25.9	42.2
2026-03-10T12:22:06	s1	23.6	42.9
2026-03-10T12:22:06	s2	22.2	46.0
2026-03-10T12:22:06	s3	25.8	46.1
2026-03-10T12:22:07	s1	23.5	47.4
2026-03-10T12:22:07	s2	22.1	47.3
2026-03-10T12:22:07	s3	25.9	44.2
2026-03-10T12:22:08	s1	23.6	46.6
2026-03-10T12:22:08	s2	22.3	44.0
2026-03-10T12:22:08	s3	26.0	44.5
2026-03-10T12:22:09	s1	23.5	47.2
2026-03-10T12:22:09	s2	22.3	44.6
2026-03-10T12:22:09	s3	25.9	44.7
2026-03-10T12:22:10	s1	23.7	43.3
2026-03-10T12:22:10	s2	22.2	43.5
2026-03-10T12:22:10	s3	25.8	45.3
2026-03-10T12:22:11	s1	23.6	43.8
2026-03-10T12:22:11	s2	22.1	46.8
2026-03-10T12:22:11	s3	25.8	47.9
2026-03-10T12:22:12	s1	23.8	47.8
2026-03-10T12:22:12	s2	22.1	47.5
2026-03-10T12:22:12	s3	25.9	44.0
2026-03-10T12:22:13	s1	23.5	46.9
2026-03-10T12:22:13	s2	22.3	46.2
2026-03-10T12:22:13	s3	25.8	44.7
2026-03-10T12:22:14	s1	23.6	42.5
2026-03-10T12:22:14	s2	22.3	43.0
2026-03-10T12:22:14	s3	25.9	46.4
2026-03-10T12:22:15	s1	23.5	42.2
2026-03-10T12:22:15	s2	22.3	47.4
2026-03-10T12:22:15	s3	25.8	42.3
2026-03-10T12:22:16	s1	23.7	43.9
2026-03-10T12:22:16	s2	22.0	47.9
2026-03-10T12:22:16	s3	25.8	43.4
2026-03-10T12:22:17	s1	23.8	48.0
2026-03-10T12:22:17	s2	22.2	45.0
2026-03-10T12:22:17	s3	25.8	45.6
2026-03-10T12:22:18	s1	23.7	42.9
2026-03-10T12:22:18	s2	22.3	46.2
2026-03-10T12:22:18	s3	25.9	44.3
2026-03-10T12:22:19	s1	23.7	43.1
2026-03-10T12:22:19	s2	22.2	44.4
2026-03-10T12:22:19	s3	25.9	47.5
2026-03-10T12:22:20	s1	23.6	47.5
2026-03-10T12:22:20	s2	22.1	47.6
2026-03-10T12:22:20	s3	25.9	48.0
2026-03-10T12:22:21	s1	23.8	46.0
2026-03-10T12:22:21	s2	22.1	47.4
2026-03-10T12:22:21	s3	26.0	47.4
2026-03-10T12:22:22	s1	23.6	47.8
2026-03-10T12:22:22	s2	22.0	47.2
2026-03-10T12:22:22	s3	26.0	46.2
2026-03-10T12:22:23	s1	23.5	43.9
2026-03-10T12:22:23	s2	22.1	47.2
2026-03-10T12:22:23	s3	26.0	47.4
2026-03-10T12:22:24	s1	23.6	46.8
2026-03-10T12:22:24	s2	22.2	45.5
2026-03-10T12:22:24	s3	25.9	47.3
2026-03-10T12:22:25	s1	23.6	44.6
2026-03-10T12:22:25	s2	22.1	47.0
2026-03-10T12:22:25	s3	25.8	44.7
2026-03-10T12:22:26	s1	23.6	42.8
2026-03-10T12:22:26	s2	22.2	42.3
2026-03-10T12:22:26	s3	25.8	46.5
2026-03-10T12:22:27	s1	23.7	45.9
2026-03-10T12:22:27	s2	22.3	46.0
2026-03-10T12:22:27	s3	26.0	42.3
2026-03-10T12:22:28	s1	23.8	43.7
2026-03-10T12:22:28	s2	22.2	43.3
2026-03-10T12:22:28	s3	25.8	46.3
2026-03-10T12:22:29	s1	23.6	47.4
2026-03-10T12:22:29	s2	22.1	43.7
2026-03-10T12:22:29	s3	25.8	42.2
2026-03-10T12:22:30	s1	23.6	42.3
2026-03-10T12:22:30	s2	22.2	47.8
2026-03-10T12:22:30	s3	25.8	42.4
2026-03-10T12:22:31	s1	23.6	45.7
2026-03-10T12:22:31	s2	22.1	43.3
2026-03-10T12:22:31	s3	25.9	47.3
2026-03-10T12:22:32	s1	23.7	43.0
2026-03-10T12:22:32	s2	22.2	44.1
2026-03-10T12:22:32	s3	26.0	47.5
2026-03-10T12:22:33	s1	23.8	44.0
2026-03-10T12:22:33	s2	22.1	44.3
2026-03-10T12:22:33	s3	25.8	44.4
2026-03-10T12:22:34	s1	23.7	47.6
2026-03-10T12:22:34	s2	22.1	42.1
2026-03-10T12:22:34	s3	25.9	47.7
2026-03-10T12:22:35	s1	23.8	45.3
2026-03-10T12:22:35	s2	22.1	44.3
2026-03-10T12:22:35	s3	25.9	43.6
2026-03-10T12:22:36	s1	23.8	47.4
2026-03-10T12:22:36	s2	22.4	45.0
2026-03-10T12:22:36	s3	26.0	42.8
2026-03-10T12:22:37	s1	23.8	43.3
2026-03-10T12:22:37	s2	22.1	47.1
2026-03-10T12:22:37	s3	25.9	46.2
2026-03-10T12:22:38	s1	23.9	47.2
2026-03-10T12:22:38	s2	22.1	44.4
2026-03-10T12:22:38	s3	25.9	46.6
2026-03-10T12:22:39	s1	23.8	44.0
2026-03-10T12:22:39	s2	22.1	43.0
2026-03-10T12:22:39	s3	25.9	42.1
2026-03-10T12:22:40	s1	23.7	47.9
2026-03-10T12:22:40	s2	22.2	42.8
2026-03-10T12:22:40	s3	25.9	43.7
2026-03-10T12:22:41	s1	23.7	43.5
2026-03-10T12:22:41	s2	22.2	45.8
2026-03-10T12:22:41	s3	26.0	45.4
2026-03-10T12:22:42	s1	23.8	43.3
2026-03-10T12:22:42	s2	22.1	44.0
2026-03-10T12:22:42	s3	25.8	42.1
2026-03-10T12:22:43	s1	23.8	45.4
2026-03-10T12:22:43	s2	22.3	47.4
2026-03-10T12:22:43	s3	26.0	42.3
2026-03-10T12:22:44	s1	23.6	45.8
2026-03-10T12:22:44	s2	22.4	45.3
2026-03-10T12:22:44	s3	25.9	43.5
2026-03-10T12:22:45	s1	23.6	47.3
2026-03-10T12:22:45	s2	22.1	44.3
2026-03-10T12:22:45	s3	25.9	46.8
2026-03-10T12:22:46	s1	23.8	42.0
2026-03-10T12:22:46	s2	22.3	44.0
2026-03-10T12:22:46	s3	26.1	47.5
2026-03-10T12:22:47	s1	23.7	47.3
2026-03-10T12:22:47	s2	22.3	46.7
2026-03-10T12:22:47	s3	25.9	43.9
2026-03-10T12:22:48	s1	23.8	43.1
2026-03-10T12:22:48	s2	22.1	46.4
2026-03-10T12:22:48	s3	26.0	43.9
2026-03-10T12:22:49	s1	23.7	43.4
2026-03-10T12:22:49	s2	22.3	44.5
2026-03-10T12:22:49	s3	26.0	43.1
2026-03-10T12:22:50	s1	23.6	46.2
2026-03-10T12:22:50	s2	22.2	44.1
2026-03-10T12:22:50	s3	25.8	43.5
2026-03-10T12:22:51	s1	23.9	47.3
2026-03-10T12:22:51	s2	22.3	42.8
2026-03-10T12:22:51	s3	26.1	42.7
2026-03-10T12:22:52	s1	23.8	47.1
2026-03-10T12:22:52	s2	22.2	46.5
2026-03-10T12:22:52	s3	25.8	43.1
2026-03-10T12:22:53	s1	23.8	43.0
2026-03-10T12:22:53	s2	22.3	45.6
2026-03-10T12:22:53	s3	26.0	42.4
2026-03-10T12:22:54	s1	23.9	45.1
2026-03-10T12:22:54	s2	22.1	45.4
2026-03-10T12:22:54	s3	25.9	42.0
2026-03-10T12:22:55	s1	23.7	42.6
2026-03-10T12:22:55	s2	22.1	42.7
2026-03-10T12:22:55	s3	25.9	45.2
2026-03-10T12:22:56	s1	23.7	45.3
2026-03-10T12:22:56	s2	22.3	47.3
2026-03-10T12:22:56	s3	26.0	44.8
2026-03-10T12:22:57	s1	23.9	43.0
2026-03-10T12:22:57	s2	22.3	44.3
2026-03-10T12:22:57	s3	26.0	46.3
2026-03-10T12:22:58	s1	23.8	46.6
2026-03-10T12:22:58	s2	22.4	44.9
2026-03-10T12:22:58	s3	26.0	46.2
2026-03-10T12:22:59	s1	23.9	42.4
2026-03-10T12:22:59	s2	22.4	45.7
2026-03-10T12:22:59	s3	25.9	47.5
2026-03-10T12:23:00	s1	23.8	43.0
2026-03-10T12:23:00	s2	22.3	44.0
2026-03-10T12:23:00	s3	26.1	47.2
2026-03-10T12:23:01	s1	23.8	48.0
2026-03-10T12:23:01	s2	22.2	46.3
2026-03-10T12:23:01	s3	26.0	42.0
2026-03-10T12:23:02	s1	23.7	43.3
2026-03-10T12:23:02	s2	22.2	42.8
2026-03-10T12:23:02	s3	26.1	47.9
2026-03-10T12:23:03	s1	23.7	47.7
2026-03-10T12:23:03	s2	22.1	42.5
2026-03-10T12:23:03	s3	25.9	47.9
2026-03-10T12:23:04	s1	23.8	46.4
2026-03-10T12:23:04	s2	22.4	47.2
2026-03-10T12:23:04	s3	26.0	42.4
2026-03-10T12:23:05	s1	23.9	47.7
2026-03-10T12:23:05	s2	22.3	46.3
2026-03-10T12:23:05	s3	26.0	46.0
2026-03-10T12:23:06	s1	23.8	46.4
2026-03-10T12:23:06	s2	22.2	45.8
2026-03-10T12:23:06	s3	26.1	43.7
2026-03-10T12:23:07	s1	23.8	42.9
2026-03-10T12:23:07	s2	22.4	42.8
2026-03-10T12:23:07	s3	26.0	44.2
2026-03-10T12:23:08	s1	23.9	46.2
2026-03-10T12:23:08	s2	22.2	44.2
2026-03-10T12:23:08	s3	25.9	47.4
2026-03-10T12:23:09	s1	23.9	45.0
2026-03-10T12:23:09	s2	22.3	47.3
2026-03-10T12:23:09	s3	25.9	44.4
2026-03-10T12:23:10	s1	23.6	47.9
2026-03-10T12:23:10	s2	22.1	46.3
2026-03-10T12:23:10	s3	26.0	47.6
2026-03-10T12:23:11	s1	23.8	44.8
2026-03-10T12:23:11	s2	22.2	45.5
2026-03-10T12:23:11	s3	26.0	43.3
2026-03-10T12:23:12	s1	23.9	46.1
2026-03-10T12:23:12	s2	22.3	47.9
2026-03-10T12:23:12	s3	25.9	46.1
2026-03-10T12:23:13	s1	23.9	47.9
2026-03-10T12:23:13	s2	22.2	43.8
2026-03-10T12:23:13	s3	26.1	42.2
2026-03-10T12:23:14	s1	23.9	45.5
2026-03-10T12:23:14	s2	22.4	43.3
2026-03-10T12:23:14	s3	26.1	42.2
2026-03-10T12:23:15	s1	23.7	47.8
2026-03-10T12:23:15	s2	22.3	43.7
2026-03-10T12:23:15	s3	26.0	44.4
2026-03-10T12:23:16	s1	23.7	42.5
2026-03-10T12:23:16	s2	22.4	47.6
2026-03-10T12:23:16	s3	26.0	42.1
2026-03-10T12:23:17	s1	23.7	44.4
2026-03-10T12:23:17	s2	22.4	47.8
2026-03-10T12:23:17	s3	26.0	47.8
2026-03-10T12:23:18	s1	23.8	47.7
2026-03-10T12:23:18	s2	22.4	42.2
2026-03-10T12:23:18	s3	25.9	44.4
2026-03-10T12:23:19	s1	23.7	45.4
2026-03-10T12:23:19	s2	22.4	44.2
2026-03-10T12:23:19	s3	25.9	45.5
2026-03-10T12:23:20	s1	23.9	46.7
2026-03-10T12:23:20	s2	22.2	42.2
2026-03-10T12:23:20	s3	26.1	44.3
2026-03-10T12:23:21	s1	23.7	43.8
2026-03-10T12:23:21	s2	22.4	46.3
2026-03-10T12:23:21	s3	26.0	44.1
2026-03-10T12:23:22	s1	23.7	45.6
2026-03-10T12:23:22	s2	22.2	43.1
2026-03-10T12:23:22	s3	26.1	44.3
2026-03-10T12:23:23	s1	23.8	47.0
2026-03-10T12:23:23	s2	22.2	47.8
2026-03-10T12:23:23	s3	25.9	46.7
2026-03-10T12:23:24	s1	23.9	47.5
2026-03-10T12:23:24	s2	22.4	47.6
2026-03-10T12:23:24	s3	26.0	43.9
2026-03-10T12:23:25	s1	23.9	42.6
2026-03-10T12:23:25	s2	22.3	45.1
2026-03-10T12:23:25	s3	26.1	42.2
2026-03-10T12:23:26	s1	23.9	47.7
2026-03-10T12:23:26	s2	22.3	46.1
2026-03-10T12:23:26	s3	25.9	45.7
2026-03-10T12:23:27	s1	23.8	45.8
2026-03-10T12:23:27	s2	22.4	47.4
2026-03-10T12:23:27	s3	26.1	45.9
2026-03-10T12:23:28	s1	23.8	44.3
2026-03-10T12:23:28	s2	22.2	45.4
2026-03-10T12:23:28	s3	26.1	47.3
2026-03-10T12:23:29	s1	23.9	47.8
2026-03-10T12:23:29	s2	22.3	44.8
2026-03-10T12:23:29	s3	26.2	47.3
2026-03-10T12:23:30	s1	23.9	44.2
2026-03-10T12:23:30	s2	22.2	43.5
2026-03-10T12:23:30	s3	26.2	47.7
2026-03-10T12:23:31	s1	23.7	46.1
2026-03-10T12:23:31	s2	22.2	46.2
2026-03-10T12:23:31	s3	26.0	46.0
2026-03-10T12:23:32	s1	23.8	42.2
2026-03-10T12:23:32	s2	22.5	43.6
2026-03-10T12:23:32	s3	26.1	46.7
2026-03-10T12:23:33	s1	23.8	46.1
2026-03-10T12:23:33	s2	22.4	45.0
2026-03-10T12:23:33	s3	26.1	44.4
2026-03-10T12:23:34	s1	23.9	46.3
2026-03-10T12:23:34	s2	22.5	46.3
2026-03-10T12:23:34	s3	26.2	47.5
2026-03-10T12:23:35	s1	23.8	43.2
2026-03-10T12:23:35	s2	22.5	44.6
2026-03-10T12:23:35	s3	26.0	47.9
2026-03-10T12:23:36	s1	23.8	44.3
2026-03-10T12:23:36	s2	22.4	46.7
2026-03-10T12:23:36	s3	26.0	46.8
2026-03-10T12:23:37	s1	23.8	47.4
2026-03-10T12:23:37	s2	22.2	43.1
2026-03-10T12:23:37	s3	26.0	42.1
2026-03-10T12:23:38	s1	23.9	42.0
2026-03-10T12:23:38	s2	22.3	47.0
2026-03-10T12:23:38	s3	26.1	47.6
2026-03-10T12:23:39	s1	23.8	46.9
2026-03-10T12:23:39	s2	22.2	44.4
2026-03-10T12:23:39	s3	25.9	46.7
2026-03-10T12:23:40	s1	23.8	44.3
2026-03-10T12:23:40	s2	22.3	44.7
2026-03-10T12:23:40	s3	25.9	47.5
2026-03-10T12:23:41	s1	23.7	47.2
2026-03-10T12:23:41	s2	22.3	43.4
2026-03-10T12:23:41	s3	26.1	45.5
2026-03-10T12:23:42	s1	23.7	43.1
2026-03-10T12:23:42	s2	22.2	46.9
2026-03-10T12:23:42	s3	25.9	46.0
2026-03-10T12:23:43	s1	23.8	45.3
2026-03-10T12:23:43	s2	22.3	46.8
2026-03-10T12:23:43	s3	25.9	44.5
2026-03-10T12:23:44	s1	23.7	46.7
2026-03-10T12:23:44	s2	22.5	43.3
2026-03-10T12:23:44	s3	26.1	44.7
2026-03-10T12:23:45	s1	23.8	45.9
2026-03-10T12:23:45	s2	22.3	42.6
2026-03-10T12:23:45	s3	26.2	47.4
2026-03-10T12:23:46	s1	23.7	45.9
2026-03-10T12:23:46	s2	22.4	45.0
2026-03-10T12:23:46	s3	26.1	44.1
2026-03-10T12:23:47	s1	23.8	47.6
2026-03-10T12:23:47	s2	22.2	46.4
2026-03-10T12:23:47	s3	26.0	47.5
2026-03-10T12:23:48	s1	23.9	43.9
2026-03-10T12:23:48	s2	22.3	46.9
2026-03-10T12:23:48	s3	26.1	46.4
2026-03-10T12:23:49	s1	23.8	47.3
2026-03-10T12:23:49	s2	22.4	44.8
2026-03-10T12:23:49	s3	26.0	46.1
2026-03-10T12:23:50	s1	24.0	45.0
2026-03-10T12:23:50	s2	22.2	43.2
2026-03-10T12:23:50	s3	26.2	47.2
2026-03-10T12:23:51	s1	24.0	46.1
2026-03-10T12:23:51	s2	22.4	44.5
2026-03-10T12:23:51	s3	26.0	46.5
2026-03-10T12:23:52	s1	23.8	47.4
2026-03-10T12:23:52	s2	22.4	42.8
2026-03-10T12:23:52	s3	26.0	46.1
2026-03-10T12:23:53	s1	23.8	43.2
2026-03-10T12:23:53	s2	22.2	43.7
2026-03-10T12:23:53	s3	25.9	47.0
2026-03-10T12:23:54	s1	24.0	45.8
2026-03-10T12:23:54	s2	22.3	42.9
2026-03-10T12:23:54	s3	26.0	45.2
2026-03-10T12:23:55	s1	23.7	47.6
2026-03-10T12:23:55	s2	22.3	45.1
2026-03-10T12:23:55	s3	26.2	42.2
2026-03-10T12:23:56	s1	24.0	44.9
2026-03-10T12:23:56	s2	22.4	46.4
2026-03-10T12:23:56	s3	25.9	43.1
2026-03-10T12:23:57	s1	23.9	47.1
2026-03-10T12:23:57	s2	22.3	44.6
2026-03-10T12:23:57	s3	26.1	43.4
2026-03-10T12:23:58	s1	23.9	46.8
2026-03-10T12:23:58	s2	22.5	43.3
2026-03-10T12:23:58	s3	26.0	46.8
2026-03-10T12:23:59	s1	23.9	45.0
2026-03-10T12:23:59	s2	22.3	42.2
2026-03-10T12:23:59	s3	26.0	44.3
2026-03-10T12:24:00	s1	23.8	46.3
2026-03-10T12:24:00	s2	22.4	44.3
2026-03-10T12:24:00	s3	26.2	42.2
2026-03-10T12:24:01	s1	23.9	45.5
2026-03-10T12:24:01	s2	22.4	44.9
2026-03-10T12:24:01	s3	26.0	42.8
2026-03-10T12:24:02	s1	23.8	45.7
2026-03-10T12:24:02	s2	22.5	47.2
2026-03-10T12:24:02	s3	26.1	47.5
2026-03-10T12:24:03	s1	23.8	42.9
2026-03-10T12:24:03	s2	22.4	46.9
2026-03-10T12:24:03	s3	26.0	45.7
2026-03-10T12:24:04	s1	24.0	45.6
2026-03-10T12:24:04	s2	22.3	43.7
2026-03-10T12:24:04	s3	26.2	46.1
2026-03-10T12:24:05	s1	24.0	46.7
2026-03-10T12:24:05	s2	22.3	44.1
2026-03-10T12:24:05	s3	26.0	44.5
2026-03-10T12:24:06	s1	23.8	44.1
2026-03-10T12:24:06	s2	22.3	44.4
2026-03-10T12:24:06	s3	26.2	45.3
2026-03-10T12:24:07	s1	23.9	45.1
2026-03-10T12:24:07	s2	22.4	45.0
2026-03-10T12:24:07	s3	26.2	46.6
2026-03-10T12:24:08	s1	24.0	47.0
2026-03-10T12:24:08	s2	22.3	42.2
2026-03-10T12:24:08	s3	25.9	42.7
2026-03-10T12:24:09	s1	23.9	44.1
2026-03-10T12:24:09	s2	22.5	46.9
2026-03-10T12:24:09	s3	26.1	47.4
2026-03-10T12:24:10	s1	23.9	45.4
2026-03-10T12:24:10	s2	22.5	46.2
2026-03-10T12:24:10	s3	26.2	45.0
2026-03-10T12:24:11	s1	24.0	45.8
2026-03-10T12:24:11	s2	22.5	46.6
2026-03-10T12:24:11	s3	26.1	43.5
2026-03-10T12:24:12	s1	23.9	43.2
2026-03-10T12:24:12	s2	22.4	43.6
2026-03-10T12:24:12	s3	26.0	47.9
2026-03-10T12:24:13	s1	24.0	47.9
2026-03-10T12:24:13	s2	22.5	42.8
2026-03-10T12:24:13	s3	26.0	46.3
2026-03-10T12:24:14	s1	23.8	42.6
2026-03-10T12:24:14	s2	22.4	43.5
2026-03-10T12:24:14	s3	26.0	45.4
2026-03-10T12:24:15	s1	24.0	46.4
2026-03-10T12:24:15	s2	22.3	46.9
2026-03-10T12:24:15	s3	26.3	45.8
2026-03-10T12:24:16	s1	23.8	46.4
2026-03-10T12:24:16	s2	22.4	42.3
2026-03-10T12:24:16	s3	26.0	47.3
2026-03-10T12:24:17	s1	24.1	44.0
2026-03-10T12:24:17	s2	22.4	42.3
2026-03-10T12:24:17	s3	26.1	47.0
2026-03-10T12:24:18	s1	24.0	46.3
2026-03-10T12:24:18	s2	22.5	43.5
2026-03-10T12:24:18	s3	26.2	42.7
2026-03-10T12:24:19	s1	23.8	44.4
2026-03-10T12:24:19	s2	22.5	43.7
2026-03-10T12:24:19	s3	26.2	42.0
2026-03-10T12:24:20	s1	24.0	43.4
2026-03-10T12:24:20	s2	22.4	43.8
2026-03-10T12:24:20	s3	26.0	45.4
2026-03-10T12:24:21	s1	23.8	47.3
2026-03-10T12:24:21	s2	22.3	46.6
2026-03-10T12:24:21	s3	26.0	46.0
2026-03-10T12:24:22	s1	23.9	43.7
2026-03-10T12:24:22	s2	22.4	45.4
2026-03-10T12:24:22	s3	26.2	45.9
2026-03-10T12:24:23	s1	23.9	43.9
2026-03-10T12:24:23	s2	22.4	44.9
2026-03-10T12:24:23	s3	26.1	43.5
2026-03-10T12:24:24	s1	23.8	43.0
2026-03-10T12:24:24	s2	22.5	42.4
2026-03-10T12:24:24	s3	26.0	47.9
2026-03-10T12:24:25	s1	23.9	42.5
2026-03-10T12:24:25	s2	22.5	46.0
2026-03-10T12:24:25	s3	26.1	43.6
2026-03-10T12:24:26	s1	24.0	46.0
2026-03-10T12:24:26	s2	22.5	44.3
2026-03-10T12:24:26	s3	26.3	45.5
2026-03-10T12:24:27	s1	23.9	45.0
2026-03-10T12:24:27	s2	22.5	42.4
2026-03-10T12:24:27	s3	26.2	46.9
2026-03-10T12:24:28	s1	23.8	43.0
2026-03-10T12:24:28	s2	22.6	46.0
2026-03-10T12:24:28	s3	26.0	47.2
2026-03-10T12:24:29	s1	23.9	42.8
2026-03-10T12:24:29	s2	22.5	42.9
2026-03-10T12:24:29	s3	26.0	43.2
2026-03-10T12:24:30	s1	23.9	46.3
2026-03-10T12:24:30	s2	22.6	45.7
2026-03-10T12:24:30	s3	26.1	45.4
2026-03-10T12:24:31	s1	23.9	42.2
2026-03-10T12:24:31	s2	22.6	44.8
2026-03-10T12:24:31	s3	26.0	44.6
2026-03-10T12:24:32	s1	24.1	43.4
2026-03-10T12:24:32	s2	22.5	47.9
2026-03-10T12:24:32	s3	26.0	44.6
2026-03-10T12:24:33	s1	23.9	46.6
2026-03-10T12:24:33	s2	22.4	44.0
2026-03-10T12:24:33	s3	26.2	45.2
2026-03-10T12:24:34	s1	24.0	45.9
2026-03-10T12:24:34	s2	22.4	43.4
2026-03-10T12:24:34	s3	26.2	43.2
2026-03-10T12:24:35	s1	24.0	45.4
2026-03-10T12:24:35	s2	22.6	46.2
2026-03-10T12:24:35	s3	26.1	45.6
2026-03-10T12:24:36	s1	24.0	44.3
2026-03-10T12:24:36	s2	22.4	42.2
2026-03-10T12:24:36	s3	26.2	46.4
2026-03-10T12:24:37	s1	24.0	44.0
2026-03-10T12:24:37	s2	22.4	42.9
2026-03-10T12:24:37	s3	26.0	45.5
2026-03-10T12:24:38	s1	23.9	42.1
2026-03-10T12:24:38	s2	22.4	46.8
2026-03-10T12:24:38	s3	26.1	43.7
2026-03-10T12:24:39	s1	24.0	46.8
2026-03-10T12:24:39	s2	22.4	42.0
2026-03-10T12:24:39	s3	26.0	42.8
2026-03-10T12:24:40	s1	24.1	44.8
2026-03-10T12:24:40	s2	22.4	45.3
2026-03-10T12:24:40	s3	26.2	45.0
2026-03-10T12:24:41	s1	23.9	44.7
2026-03-10T12:24:41	s2	22.4	43.9
2026-03-10T12:24:41	s3	26.3	44.5
2026-03-10T12:24:42	s1	23.9	47.3
2026-03-10T12:24:42	s2	22.4	47.9
2026-03-10T12:24:42	s3	26.1	44.0
2026-03-10T12:24:43	s1	23.8	43.5
2026-03-10T12:24:43	s2	22.4	43.3
2026-03-10T12:24:43	s3	26.1	45.5
2026-03-10T12:24:44	s1	23.9	43.6
2026-03-10T12:24:44	s2	22.4	43.1
2026-03-10T12:24:44	s3	26.2	42.5
2026-03-10T12:24:45	s1	24.1	45.4
2026-03-10T12:24:45	s2	22.4	45.4
2026-03-10T12:24:45	s3	26.1	43.9
2026-03-10T12:24:46	s1	23.8	44.2
2026-03-10T12:24:46	s2	22.5	42.0
2026-03-10T12:24:46	s3	26.1	42.7
2026-03-10T12:24:47	s1	24.0	44.8
2026-03-10T12:24:47	s2	22.5	44.6
2026-03-10T12:24:47	s3	26.1	42.5
2026-03-10T12:24:48	s1	23.9	43.7
2026-03-10T12:24:48	s2	22.5	47.1
2026-03-10T12:24:48	s3	26.3	46.6
2026-03-10T12:24:49	s1	24.0	44.1
2026-03-10T12:24:49	s2	22.4	45.9
2026-03-10T12:24:49	s3	26.1	47.8
2026-03-10T12:24:50	s1	24.1	47.2
2026-03-10T12:24:50	s2	22.6	43.8
2026-03-10T12:24:50	s3	26.1	46.3
2026-03-10T12:24:51	s1	24.1	46.8
2026-03-10T12:24:51	s2	22.4	42.7
2026-03-10T12:24:51	s3	26.2	45.6
2026-03-10T12:24:52	s1	23.9	45.6
2026-03-10T12:24:52	s2	22.6	47.7
2026-03-10T12:24:52	s3	26.1	45.5
2026-03-10T12:24:53	s1	23.9	45.4
2026-03-10T12:24:53	s2	22.4	44.5
2026-03-10T12:24:53	s3	26.0	46.6
2026-03-10T12:24:54	s1	24.1	46.2
2026-03-10T12:24:54	s2	22.4	43.3
2026-03-10T12:24:54	s3	26.2	45.0
2026-03-10T12:24:55	s1	23.9	46.3
2026-03-10T12:24:55	s2	22.6	43.3
2026-03-10T12:24:55	s3	26.2	46.9
2026-03-10T12:24:56	s1	24.0	47.3
2026-03-10T12:24:56	s2	22.5	47.6
2026-03-10T12:24:56	s3	26.1	42.9
2026-03-10T12:24:57	s1	24.1	48.0
2026-03-10T12:24:57	s2	22.6	44.7
2026-03-10T12:24:57	s3	26.1	43.0
2026-03-10T12:24:58	s1	24.1	46.6
2026-03-10T12:24:58	s2	22.5	43.8
2026-03-10T12:24:58	s3	26.3	44.1
2026-03-10T12:24:59	s1	23.9	46.3
2026-03-10T12:24:59	s2	22.5	44.0
2026-03-10T12:24:59	s3	26.3	42.8
2026-03-10T12:25:00	s1	24.1	42.2
2026-03-10T12:25:00	s2	22.4	43.8
2026-03-10T12:25:00	s3	26.2	47.1
2026-03-10T12:25:01	s1	24.0	42.4
2026-03-10T12:25:01	s2	22.6	43.3
2026-03-10T12:25:01	s3	26.1	42.2
2026-03-10T12:25:02	s1	24.1	47.2
2026-03-10T12:25:02	s2	22.4	46.7
2026-03-10T12:25:02	s3	26.1	47.2
2026-03-10T12:25:03	s1	24.0	44.4
2026-03-10T12:25:03	s2	22.5	46.2
2026-03-10T12:25:03	s3	26.2	44.0
2026-03-10T12:25:04	s1	24.0	46.1
2026-03-10T12:25:04	s2	22.5	42.0
2026-03-10T12:25:04	s3	26.3	47.8
2026-03-10T12:25:05	s1	23.9	45.4
2026-03-10T12:25:05	s2	22.4	42.4
2026-03-10T12:25:05	s3	26.3	45.3
2026-03-10T12:25:06	s1	23.9	46.2
2026-03-10T12:25:06	s2	22.5	43.3
2026-03-10T12:25:06	s3	26.1	47.6
2026-03-10T12:25:07	s1	24.0	42.3
2026-03-10T12:25:07	s2	22.4	47.3
2026-03-10T12:25:07	s3	26.1	44.4
2026-03-10T12:25:08	s1	24.1	46.4
2026-03-10T12:25:08	s2	22.4	43.5
2026-03-10T12:25:08	s3	26.2	43.8
2026-03-10T12:25:09	s1	23.9	43.2
2026-03-10T12:25:09	s2	22.4	43.8
2026-03-10T12:25:09	s3	26.3	46.3
2026-03-10T12:25:10	s1	24.0	46.4
2026-03-10T12:25:10	s2	22.6	45.9
2026-03-10T12:25:10	s3	26.3	45.2
2026-03-10T12:25:11	s1	23.9	45.3
2026-03-10T12:25:11	s2	22.6	47.7
2026-03-10T12:25:11	s3	26.2	46.2
2026-03-10T12:25:12	s1	23.9	47.2
2026-03-10T12:25:12	s2	22.5	45.5
2026-03-10T12:25:12	s3	26.1	47.3
2026-03-10T12:25:13	s1	24.1	45.9
2026-03-10T12:25:13	s2	22.7	44.6
2026-03-10T12:25:13	s3	26.2	44.8
2026-03-10T12:25:14	s1	23.9	42.2
2026-03-10T12:25:14	s2	22.4	43.9
2026-03-10T12:25:14	s3	26.1	45.2
2026-03-10T12:25:15	s1	24.1	44.2
2026-03-10T12:25:15	s2	22.4	43.0
2026-03-10T12:25:15	s3	26.2	47.7
2026-03-10T12:25:16	s1	24.0	44.0
2026-03-10T12:25:16	s2	22.5	44.0
2026-03-10T12:25:16	s3	26.3	47.5
2026-03-10T12:25:17	s1	23.9	43.2
2026-03-10T12:25:17	s2	22.5	42.9
2026-03-10T12:25:17	s3	26.3	42.1
2026-03-10T12:25:18	s1	23.9	44.0
2026-03-10T12:25:18	s2	22.6	42.6
2026-03-10T12:25:18	s3	26.1	42.1
2026-03-10T12:25:19	s1	23.9	43.2
2026-03-10T12:25:19	s2	22.5	44.6
2026-03-10T12:25:19	s3	26.3	42.7
2026-03-10T12:25:20	s1	24.2	46.7
2026-03-10T12:25:20	s2	22.5	46.9
2026-03-10T12:25:20	s3	26.2	44.6
2026-03-10T12:25:21	s1	24.1	45.7
2026-03-10T12:25:21	s2	22.5	46.9
2026-03-10T12:25:21	s3	26.2	46.5
2026-03-10T12:25:22	s1	23.9	45.9
2026-03-10T12:25:22	s2	22.5	42.5
2026-03-10T12:25:22	s3	26.4	47.5
2026-03-10T12:25:23	s1	24.1	45.3
2026-03-10T12:25:23	s2	22.5	44.9
2026-03-10T12:25:23	s3	26.2	43.3
2026-03-10T12:25:24	s1	24.1	47.7
2026-03-10T12:25:24	s2	22.4	42.8
2026-03-10T12:25:24	s3	26.2	42.4
2026-03-10T12:25:25	s1	24.2	45.5
2026-03-10T12:25:25	s2	22.6	48.0
2026-03-10T12:25:25	s3	26.3	42.5
2026-03-10T12:25:26	s1	24.1	47.7
2026-03-10T12:25:26	s2	22.6	42.8
2026-03-10T12:25:26	s3	26.1	44.2
2026-03-10T12:25:27	s1	24.0	47.3
2026-03-10T12:25:27	s2	22.5	47.0
2026-03-10T12:25:27	s3	26.3	45.3
2026-03-10T12:25:28	s1	24.1	47.8
2026-03-10T12:25:28	s2	22.7	44.9
2026-03-10T12:25:28	s3	26.3	45.0
2026-03-10T12:25:29	s1	24.2	44.5
2026-03-10T12:25:29	s2	22.6	47.0
2026-03-10T12:25:29	s3	26.4	43.1
2026-03-10T12:25:30	s1	24.0	44.3
2026-03-10T12:25:30	s2	22.6	43.4
2026-03-10T12:25:30	s3	26.4	44.6
2026-03-10T12:25:31	s1	24.1	44.8
2026-03-10T12:25:31	s2	22.5	45.0
2026-03-10T12:25:31	s3	26.4	43.1
2026-03-10T12:25:32	s1	24.0	42.2
2026-03-10T12:25:32	s2	22.7	46.7
2026-03-10T12:25:32	s3	26.2	44.4
2026-03-10T12:25:33	s1	24.1	46.3
2026-03-10T12:25:33	s2	22.7	46.3
2026-03-10T12:25:33	s3	26.2	43.5
2026-03-10T12:25:34	s1	24.0	43.1
2026-03-10T12:25:34	s2	22.6	47.6
2026-03-10T12:25:34	s3	26.4	42.6
2026-03-10T12:25:35	s1	23.9	47.9
2026-03-10T12:25:35	s2	22.5	44.7
2026-03-10T12:25:35	s3	26.3	43.4
2026-03-10T12:25:36	s1	24.0	46.1
2026-03-10T12:25:36	s2	22.5	47.5
2026-03-10T12:25:36	s3	26.3	46.0
2026-03-10T12:25:37	s1	24.2	47.4
2026-03-10T12:25:37	s2	22.6	42.3
2026-03-10T12:25:37	s3	26.4	43.7
2026-03-10T12:25:38	s1	23.9	45.8
2026-03-10T12:25:38	s2	22.5	42.9
2026-03-10T12:25:38	s3	26.2	47.8
2026-03-10T12:25:39	s1	24.1	46.2
2026-03-10T12:25:39	s2	22.5	43.9
2026-03-10T12:25:39	s3	26.4	46.6
2026-03-10T12:25:40	s1	24.1	43.0
2026-03-10T12:25:40	s2	22.5	45.0
2026-03-10T12:25:40	s3	26.2	43.5
2026-03-10T12:25:41	s1	24.0	44.7
2026-03-10T12:25:41	s2	22.5	44.2
2026-03-10T12:25:41	s3	26.2	42.9
2026-03-10T12:25:42	s1	24.0	44.3
2026-03-10T12:25:42	s2	22.5	46.9
2026-03-10T12:25:42	s3	26.3	45.9
2026-03-10T12:25:43	s1	24.2	43.2
2026-03-10T12:25:43	s2	22.5	46.4
2026-03-10T12:25:43	s3	26.3	46.9
2026-03-10T12:25:44	s1	24.0	43.7
2026-03-10T12:25:44	s2	22.5	47.3
2026-03-10T12:25:44	s3	26.4	43.8
2026-03-10T12:25:45	s1	24.2	45.0
2026-03-10T12:25:45	s2	22.6	47.5
2026-03-10T12:25:45	s3	26.1	44.8
2026-03-10T12:25:46	s1	24.2	42.1
2026-03-10T12:25:46	s2	22.6	46.1
2026-03-10T12:25:46	s3	26.4	46.1
2026-03-10T12:25:47	s1	24.0	46.6
2026-03-10T12:25:47	s2	22.5	46.7
2026-03-10T12:25:47	s3	26.3	43.5
2026-03-10T12:25:48	s1	24.2	43.1
2026-03-10T12:25:48	s2	22.6	45.9
2026-03-10T12:25:48	s3	26.2	47.3
2026-03-10T12:25:49	s1	24.2	44.5
2026-03-10T12:25:49	s2	22.5	44.7
2026-03-10T12:25:49	s3	26.3	43.9
2026-03-10T12:25:50	s1	24.0	47.5
2026-03-10T12:25:50	s2	22.6	42.1
2026-03-10T12:25:50	s3	26.2	44.4
2026-03-10T12:25:51	s1	24.1	42.9
2026-03-10T12:25:51	s2	22.6	42.2
2026-03-10T12:25:51	s3	26.3	46.4
2026-03-10T12:25:52	s1	24.0	45.6
2026-03-10T12:25:52	s2	22.5	43.9
2026-03-10T12:25:52	s3	26.4	47.6
2026-03-10T12:25:53	s1	24.1	42.3
2026-03-10T12:25:53	s2	22.6	43.9
2026-03-10T12:25:53	s3	26.4	45.5
2026-03-10T12:25:54	s1	24.0	43.5
2026-03-10T12:25:54	s2	22.7	46.9
2026-03-10T12:25:54	s3	26.3	43.0
2026-03-10T12:25:55	s1	24.1	43.8
2026-03-10T12:25:55	s2	22.7	43.1
2026-03-10T12:25:55	s3	26.3	42.5
2026-03-10T12:25:56	s1	24.2	45.7
2026-03-10T12:25:56	s2	22.5	46.0
2026-03-10T12:25:56	s3	26.3	43.2
2026-03-10T12:25:57	s1	24.2	43.3
2026-03-10T12:25:57	s2	22.6	47.1
2026-03-10T12:25:57	s3	26.2	45.4
2026-03-10T12:25:58	s1	24.2	43.3
2026-03-10T12:25:58	s2	22.7	42.4
2026-03-10T12:25:58	s3	26.4	43.1
2026-03-10T12:25:59	s1	24.0	47.7
2026-03-10T12:25:59	s2	22.5	42.5
2026-03-10T12:25:59	s3	26.4	45.1
2026-03-10T12:26:00	s1	24.2	42.7
2026-03-10T12:26:00	s2	22.6	42.9
2026-03-10T12:26:00	s3	26.3	44.5
2026-03-10T12:26:01	s1	24.1	44.4
2026-03-10T12:26:01	s2	22.7	42.6
2026-03-10T12:26:01	s3	26.3	45.2
2026-03-10T12:26:02	s1	24.1	45.2
2026-03-10T12:26:02	s2	22.6	47.9
2026-03-10T12:26:02	s3	26.4	47.0
2026-03-10T12:26:03	s1	24.2	42.3
2026-03-10T12:26:03	s2	22.6	45.4
2026-03-10T12:26:03	s3	26.3	47.6
2026-03-10T12:26:04	s1	24.1	45.1
2026-03-10T12:26:04	s2	22.5	43.9
2026-03-10T12:26:04	s3	26.3	46.4
2026-03-10T12:26:05	s1	24.1	44.4
2026-03-10T12:26:05	s2	22.8	44.4
2026-03-10T12:26:05	s3	26.3	46.5
2026-03-10T12:26:06	s1	24.2	46.3
2026-03-10T12:26:06	s2	22.5	46.0
2026-03-10T12:26:06	s3	26.2	42.8
2026-03-10T12:26:07	s1	24.3	46.9
2026-03-10T12:26:07	s2	22.5	43.2
2026-03-10T12:26:07	s3	26.2	46.1
2026-03-10T12:26:08	s1	24.0	43.0
2026-03-10T12:26:08	s2	22.6	43.3
2026-03-10T12:26:08	s3	26.5	43.7
2026-03-10T12:26:09	s1	24.1	45.1
2026-03-10T12:26:09	s2	22.7	46.6
2026-03-10T12:26:09	s3	26.4	42.7
2026-03-10T12:26:10	s1	24.1	45.7
2026-03-10T12:26:10	s2	22.5	46.6
2026-03-10T12:26:10	s3	26.4	45.6
2026-03-10T12:26:11	s1	24.2	45.5
2026-03-10T12:26:11	s2	22.6	45.9
2026-03-10T12:26:11	s3	26.3	43.2
2026-03-10T12:26:12	s1	24.2	42.1
2026-03-10T12:26:12	s2	22.6	44.6
2026-03-10T12:26:12	s3	26.3	46.4
2026-03-10T12:26:13	s1	24.2	46.2
2026-03-10T12:26:13	s2	22.5	44.1
2026-03-10T12:26:13	s3	26.3	43.0
2026-03-10T12:26:14	s1	24.1	45.3
2026-03-10T12:26:14	s2	22.6	42.6
2026-03-10T12:26:14	s3	26.3	42.3
2026-03-10T12:26:15	s1	24.2	43.6
2026-03-10T12:26:15	s2	22.8	47.4
2026-03-10T12:26:15	s3	26.4	42.0
2026-03-10T12:26:16	s1	24.1	46.1
2026-03-10T12:26:16	s2	22.8	47.1
2026-03-10T12:26:16	s3	26.4	46.0
2026-03-10T12:26:17	s1	24.2	45.7
2026-03-10T12:26:17	s2	22.5	44.4
2026-03-10T12:26:17	s3	26.4	43.0
2026-03-10T12:26:18	s1	24.1	44.6
2026-03-10T12:26:18	s2	22.6	43.4
2026-03-10T12:26:18	s3	26.5	48.0
2026-03-10T12:26:19	s1	24.1	47.2
2026-03-10T12:26:19	s2	22.7	44.3
2026-03-10T12:26:19	s3	26.4	47.8
2026-03-10T12:26:20	s1	24.1	44.9
2026-03-10T12:26:20	s2	22.8	42.5
2026-03-10T12:26:20	s3	26.3	42.7
2026-03-10T12:26:21	s1	24.2	45.3
2026-03-10T12:26:21	s2	22.8	47.0
2026-03-10T12:26:21	s3	26.3	44.4
2026-03-10T12:26:22	s1	24.0	44.6
2026-03-10T12:26:22	s2	22.6	46.7
2026-03-10T12:26:22	s3	26.2	42.4
2026-03-10T12:26:23	s1	24.1	45.0
2026-03-10T12:26:23	s2	22.6	47.4
2026-03-10T12:26:23	s3	26.4	42.9
2026-03-10T12:26:24	s1	24.2	47.1
2026-03-10T12:26:24	s2	22.7	43.3
2026-03-10T12:26:24	s3	26.5	44.8
2026-03-10T12:26:25	s1	24.2	47.1
2026-03-10T12:26:25	s2	22.7	44.0
2026-03-10T12:26:25	s3	26.5	46.4
2026-03-10T12:26:26	s1	24.2	44.4
2026-03-10T12:26:26	s2	22.8	45.0
2026-03-10T12:26:26	s3	26.2	42.3
2026-03-10T12:26:27	s1	24.2	46.3
2026-03-10T12:26:27	s2	22.8	43.0
2026-03-10T12:26:27	s3	26.4	47.6
2026-03-10T12:26:28	s1	24.2	47.1
2026-03-10T12:26:28	s2	22.8	43.5
2026-03-10T12:26:28	s3	26.2	42.8
2026-03-10T12:26:29	s1	24.2	47.7
2026-03-10T12:26:29	s2	22.6	47.5
2026-03-10T12:26:29	s3	26.4	44.1
2026-03-10T12:26:30	s1	24.2	45.5
2026-03-10T12:26:30	s2	22.7	43.5
2026-03-10T12:26:30	s3	26.4	44.1
2026-03-10T12:26:31	s1	24.2	46.4
2026-03-10T12:26:31	s2	22.5	46.3
2026-03-10T12:26:31	s3	26.4	46.2
2026-03-10T12:26:32	s1	24.1	46.2
2026-03-10T12:26:32	s2	22.8	45.2
2026-03-10T12:26:32	s3	26.5	45.7
2026-03-10T12:26:33	s1	24.1	47.0
2026-03-10T12:26:33	s2	22.6	44.7
2026-03-10T12:26:33	s3	26.3	45.0
2026-03-10T12:26:34	s1	24.2	47.7
2026-03-10T12:26:34	s2	22.6	43.3
2026-03-10T12:26:34	s3	26.3	44.6
2026-03-10T12:26:35	s1	24.2	46.6
2026-03-10T12:26:35	s2	22.8	47.3
2026-03-10T12:26:35	s3	26.4	45.6
2026-03-10T12:26:36	s1	24.2	45.8
2026-03-10T12:26:36	s2	22.6	45.7
2026-03-10T12:26:36	s3	26.4	47.9
2026-03-10T12:26:37	s1	24.1	46.6
2026-03-10T12:26:37	s2	22.7	44.4
2026-03-10T12:26:37	s3	26.2	42.0
2026-03-10T12:26:38	s1	24.3	44.7
2026-03-10T12:26:38	s2	22.7	45.0
2026-03-10T12:26:38	s3	26.4	46.1
2026-03-10T12:26:39	s1	24.3	43.7
2026-03-10T12:26:39	s2	22.6	47.7
2026-03-10T12:26:39	s3	26.3	45.6
2026-03-10T12:26:40	s1	24.2	43.8
2026-03-10T12:26:40	s2	22.7	43.5
2026-03-10T12:26:40	s3	26.5	45.1
2026-03-10T12:26:41	s1	24.2	43.2
2026-03-10T12:26:41	s2	22.8	45.2
2026-03-10T12:26:41	s3	26.4	48.0
2026-03-10T12:26:42	s1	24.1	45.5
2026-03-10T12:26:42	s2	22.6	43.7
2026-03-10T12:26:42	s3	26.3	45.6
2026-03-10T12:26:43	s1	24.3	45.1
2026-03-10T12:26:43	s2	22.7	42.1
2026-03-10T12:26:43	s3	26.5	42.7
2026-03-10T12:26:44	s1	24.3	42.2
2026-03-10T12:26:44	s2	22.7	47.8
2026-03-10T12:26:44	s3	26.3	44.4
2026-03-10T12:26:45	s1	24.2	47.4
2026-03-10T12:26:45	s2	22.6	45.3
2026-03-10T12:26:45	s3	26.3	47.0
2026-03-10T12:26:46	s1	24.2	42.6
2026-03-10T12:26:46	s2	22.6	45.3
2026-03-10T12:26:46	s3	26.4	45.3
2026-03-10T12:26:47	s1	24.3	46.8
2026-03-10T12:26:47	s2	22.7	43.8
2026-03-10T12:26:47	s3	26.5	45.3
2026-03-10T12:26:48	s1	24.2	46.4
2026-03-10T12:26:48	s2	22.6	47.1
2026-03-10T12:26:48	s3	26.6	45.3
2026-03-10T12:26:49	s1	24.2	47.2
2026-03-10T12:26:49	s2	22.6	47.6
2026-03-10T12:26:49	s3	26.4	44.2
2026-03-10T12:26:50	s1	24.1	42.0
2026-03-10T12:26:50	s2	22.6	44.1
2026-03-10T12:26:50	s3	26.4	46.1
2026-03-10T12:26:51	s1	24.1	47.3
2026-03-10T12:26:51	s2	22.8	44.1
2026-03-10T12:26:51	s3	26.3	47.5
2026-03-10T12:26:52	s1	24.4	44.3
2026-03-10T12:26:52	s2	22.6	43.6
2026-03-10T12:26:52	s3	26.4	47.0
2026-03-10T12:26:53	s1	24.4	46.0
2026-03-10T12:26:53	s2	22.8	43.8
2026-03-10T12:26:53	s3	26.4	42.3
2026-03-10T12:26:54	s1	24.3	47.5
2026-03-10T12:26:54	s2	22.8	45.9
2026-03-10T12:26:54	s3	26.4	43.0
2026-03-10T12:26:55	s1	24.3	46.8
2026-03-10T12:26:55	s2	22.6	45.8
2026-03-10T12:26:55	s3	26.3	44.2
2026-03-10T12:26:56	s1	24.3	42.3
2026-03-10T12:26:56	s2	22.7	43.8
2026-03-10T12:26:56	s3	26.6	43.5
2026-03-10T12:26:57	s1	24.3	47.6
2026-03-10T12:26:57	s2	22.7	43.6
2026-03-10T12:26:57	s3	26.4	44.5
2026-03-10T12:26:58	s1	24.4	44.4
2026-03-10T12:26:58	s2	22.9	43.0
2026-03-10T12:26:58	s3	26.6	44.3
2026-03-10T12:26:59	s1	24.3	42.8
2026-03-10T12:26:59	s2	22.7	44.1
2026-03-10T12:26:59	s3	26.5	47.2
2026-03-10T12:27:00	s1	24.1	47.6
2026-03-10T12:27:00	s2	22.8	43.1
2026-03-10T12:27:00	s3	26.5	42.7
2026-03-10T12:27:01	s1	24.1	43.4
2026-03-10T12:27:01	s2	22.9	45.9
2026-03-10T12:27:01	s3	26.4	46.8
2026-03-10T12:27:02	s1	24.2	43.8
2026-03-10T12:27:02	s2	22.9	43.8
2026-03-10T12:27:02	s3	26.4	46.7
2026-03-10T12:27:03	s1	24.2	43.3
2026-03-10T12:27:03	s2	22.7	43.0
2026-03-10T12:27:03	s3	26.5	46.9
2026-03-10T12:27:04	s1	24.3	43.9
2026-03-10T12:27:04	s2	22.7	42.5
2026-03-10T12:27:04	s3	26.3	44.0
2026-03-10T12:27:05	s1	24.2	42.6
2026-03-10T12:27:05	s2	22.8	47.2
2026-03-10T12:27:05	s3	26.5	42.0
2026-03-10T12:27:06	s1	24.2	42.8
2026-03-10T12:27:06	s2	22.7	42.5
2026-03-10T12:27:06	s3	26.6	47.6
2026-03-10T12:27:07	s1	24.3	43.4
2026-03-10T12:27:07	s2	22.8	42.9
2026-03-10T12:27:07	s3	26.6	45.0
2026-03-10T12:27:08	s1	24.2	43.6
2026-03-10T12:27:08	s2	22.8	46.4
2026-03-10T12:27:08	s3	26.5	45.3
2026-03-10T12:27:09	s1	24.3	43.9
2026-03-10T12:27:09	s2	22.7	43.1
2026-03-10T12:27:09	s3	26.5	43.0
2026-03-10T12:27:10	s1	24.4	42.8
2026-03-10T12:27:10	s2	22.9	42.6
2026-03-10T12:27:10	s3	26.3	45.0
2026-03-10T12:27:11	s1	24.3	45.7
2026-03-10T12:27:11	s2	22.7	42.3
2026-03-10T12:27:11	s3	26.6	45.2
2026-03-10T12:27:12	s1	24.3	44.2
2026-03-10T12:27:12	s2	22.8	43.5
2026-03-10T12:27:12	s3	26.4	43.6
2026-03-10T12:27:13	s1	24.2	44.2
2026-03-10T12:27:13	s2	22.7	46.6
2026-03-10T12:27:13	s3	26.4	47.2
2026-03-10T12:27:14	s1	24.3	47.1
2026-03-10T12:27:14	s2	22.7	47.0
2026-03-10T12:27:14	s3	26.6	42.7
2026-03-10T12:27:15	s1	24.3	46.2
2026-03-10T12:27:15	s2	22.9	44.8
2026-03-10T12:27:15	s3	26.4	47.1
2026-03-10T12:27:16	s1	24.3	42.2
2026-03-10T12:27:16	s2	22.7	45.1
2026-03-10T12:27:16	s3	26.3	43.2
2026-03-10T12:27:17	s1	24.3	44.5
2026-03-10T12:27:17	s2	22.9	42.4
2026-03-10T12:27:17	s3	26.4	47.0
2026-03-10T12:27:18	s1	24.3	45.6
2026-03-10T12:27:18	s2	22.7	47.6
2026-03-10T12:27:18	s3	26.5	45.0
2026-03-10T12:27:19	s1	24.4	46.9
2026-03-10T12:27:19	s2	22.8	44.1
2026-03-10T12:27:19	s3	26.4	45.3
2026-03-10T12:27:20	s1	24.2	43.7
2026-03-10T12:27:20	s2	22.8	43.1
2026-03-10T12:27:20	s3	26.5	43.9
2026-03-10T12:27:21	s1	24.2	46.1
2026-03-10T12:27:21	s2	22.8	47.0
2026-03-10T12:27:21	s3	26.4	44.0
2026-03-10T12:27:22	s1	24.2	46.9
2026-03-10T12:27:22	s2	22.9	42.3
2026-03-10T12:27:22	s3	26.5	47.2
2026-03-10T12:27:23	s1	24.2	46.1
2026-03-10T12:27:23	s2	22.7	43.7
2026-03-10T12:27:23	s3	26.4	42.5
2026-03-10T12:27:24	s1	24.3	46.5
2026-03-10T12:27:24	s2	22.9	45.6
2026-03-10T12:27:24	s3	26.5	47.6
2026-03-10T12:27:25	s1	24.4	43.3
2026-03-10T12:27:25	s2	22.9	42.8
2026-03-10T12:27:25	s3	26.5	43.5
2026-03-10T12:27:26	s1	24.3	46.8
2026-03-10T12:27:26	s2	22.7	47.4
2026-03-10T12:27:26	s3	26.4	45.5
2026-03-10T12:27:27	s1	24.3	42.2
2026-03-10T12:27:27	s2	22.7	42.3
2026-03-10T12:27:27	s3	26.5	44.0
2026-03-10T12:27:28	s1	24.2	42.1
2026-03-10T12:27:28	s2	22.9	47.0
2026-03-10T12:27:28	s3	26.5	44.0
2026-03-10T12:27:29	s1	24.2	42.5
2026-03-10T12:27:29	s2	22.8	46.0
2026-03-10T12:27:29	s3	26.4	43.7
2026-03-10T12:27:30	s1	24.3	44.3
2026-03-10T12:27:30	s2	22.9	45.1
2026-03-10T12:27:30	s3	26.5	45.7
2026-03-10T12:27:31	s1	24.4	47.0
2026-03-10T12:27:31	s2	22.8	44.7
2026-03-10T12:27:31	s3	26.5	43.0
2026-03-10T12:27:32	s1	24.4	44.2
2026-03-10T12:27:32	s2	22.9	44.9
2026-03-10T12:27:32	s3	26.5	45.4
2026-03-10T12:27:33	s1	24.4	42.8
2026-03-10T12:27:33	s2	22.8	42.7
2026-03-10T12:27:33	s3	26.5	43.1
2026-03-10T12:27:34	s1	24.2	46.5
2026-03-10T12:27:34	s2	22.8	45.2
2026-03-10T12:27:34	s3	26.6	46.0
2026-03-10T12:27:35	s1	24.3	42.4
2026-03-10T12:27:35	s2	22.7	45.2
2026-03-10T12:27:35	s3	26.4	45.7
2026-03-10T12:27:36	s1	24.4	47.4
2026-03-10T12:27:36	s2	22.8	47.6
2026-03-10T12:27:36	s3	26.6	45.2
2026-03-10T12:27:37	s1	24.4	43.6
2026-03-10T12:27:37	s2	22.8	42.6
2026-03-10T12:27:37	s3	26.4	47.6
2026-03-10T12:27:38	s1	24.3	46.6
2026-03-10T12:27:38	s2	22.7	48.0
2026-03-10T12:27:38	s3	26.7	42.6
2026-03-10T12:27:39	s1	24.2	43.3
2026-03-10T12:27:39	s2	22.7	45.2
2026-03-10T12:27:39	s3	26.5	44.6
2026-03-10T12:27:40	s1	24.3	46.7
2026-03-10T12:27:40	s2	22.8	45.7
2026-03-10T12:27:40	s3	26.7	47.0
2026-03-10T12:27:41	s1	24.2	47.7
2026-03-10T12:27:41	s2	22.8	42.1
2026-03-10T12:27:41	s3	26.6	46.4
2026-03-10T12:27:42	s1	24.4	47.5
2026-03-10T12:27:42	s2	23.0	46.3
2026-03-10T12:27:42	s3	26.6	43.0
2026-03-10T12:27:43	s1	24.2	44.8
2026-03-10T12:27:43	s2	22.7	43.9
2026-03-10T12:27:43	s3	26.5	44.6
2026-03-10T12:27:44	s1	24.3	43.2
2026-03-10T12:27:44	s2	22.9	44.2
2026-03-10T12:27:44	s3	26.6	45.9
2026-03-10T12:27:45	s1	24.4	45.2
2026-03-10T12:27:45	s2	22.7	46.3
2026-03-10T12:27:45	s3	26.7	42.1
2026-03-10T12:27:46	s1	24.4	43.9
2026-03-10T12:27:46	s2	22.7	44.4
2026-03-10T12:27:46	s3	26.6	42.7
2026-03-10T12:27:47	s1	24.4	46.7
2026-03-10T12:27:47	s2	22.7	43.5
2026-03-10T12:27:47	s3	26.6	42.8
2026-03-10T12:27:48	s1	24.4	44.8
2026-03-10T12:27:48	s2	22.7	47.2
2026-03-10T12:27:48	s3	26.5	43.5
2026-03-10T12:27:49	s1	24.3	45.4
2026-03-10T12:27:49	s2	22.9	44.0
2026-03-10T12:27:49	s3	26.5	42.6
2026-03-10T12:27:50	s1	24.3	42.7
2026-03-10T12:27:50	s2	22.8	42.4
2026-03-10T12:27:50	s3	26.4	43.3
2026-03-10T12:27:51	s1	24.3	44.4
2026-03-10T12:27:51	s2	23.0	47.6
2026-03-10T12:27:51	s3	26.6	45.2
2026-03-10T12:27:52	s1	24.3	46.5
2026-03-10T12:27:52	s2	22.7	44.6
2026-03-10T12:27:52	s3	26.5	44.1
2026-03-10T12:27:53	s1	24.4	44.4
2026-03-10T12:27:53	s2	22.8	44.1
2026-03-10T12:27:53	s3	26.6	42.4
2026-03-10T12:27:54	s1	24.2	44.0
2026-03-10T12:27:54	s2	22.8	47.2
2026-03-10T12:27:54	s3	26.6	47.8
2026-03-10T12:27:55	s1	24.2	45.8
2026-03-10T12:27:55	s2	22.8	46.0
2026-03-10T12:27:55	s3	26.4	44.0
2026-03-10T12:27:56	s1	24.3	44.3
2026-03-10T12:27:56	s2	22.9	45.4
2026-03-10T12:27:56	s3	26.5	46.7
2026-03-10T12:27:57	s1	24.2	44.3
2026-03-10T12:27:57	s2	22.8	47.7
2026-03-10T12:27:57	s3	26.6	46.0
2026-03-10T12:27:58	s1	24.5	47.5
2026-03-10T12:27:58	s2	22.8	43.1
2026-03-10T12:27:58	s3	26.4	43.0
2026-03-10T12:27:59	s1	24.4	48.0
2026-03-10T12:27:59	s2	22.9	44.5
2026-03-10T12:27:59	s3	26.5	43.5
2026-03-10T12:28:00	s1	24.3	42.5
2026-03-10T12:28:00	s2	23.0	43.5
2026-03-10T12:28:00	s3	26.7	46.1
2026-03-10T12:28:01	s1	24.2	47.4
2026-03-10T12:28:01	s2	22.9	46.2
2026-03-10T12:28:01	s3	26.7	43.9
2026-03-10T12:28:02	s1	24.5	44.0
2026-03-10T12:28:02	s2	23.0	45.8
2026-03-10T12:28:02	s3	26.5	47.0
2026-03-10T12:28:03	s1	24.2	44.2
2026-03-10T12:28:03	s2	22.8	43.1
2026-03-10T12:28:03	s3	26.6	42.0
2026-03-10T12:28:04	s1	24.4	43.3
2026-03-10T12:28:04	s2	22.8	44.9
2026-03-10T12:28:04	s3	26.5	42.8
2026-03-10T12:28:05	s1	24.5	47.2
2026-03-10T12:28:05	s2	22.8	43.6
2026-03-10T12:28:05	s3	26.5	42.7
2026-03-10T12:28:06	s1	24.4	43.4
2026-03-10T12:28:06	s2	22.8	43.3
2026-03-10T12:28:06	s3	26.4	44.5
2026-03-10T12:28:07	s1	24.5	44.5
2026-03-10T12:28:07	s2	22.8	46.2
2026-03-10T12:28:07	s3	26.7	46.0
2026-03-10T12:28:08	s1	24.4	47.8
2026-03-10T12:28:08	s2	23.0	45.4
2026-03-10T12:28:08	s3	26.5	45.2
2026-03-10T12:28:09	s1	24.5	47.6
2026-03-10T12:28:09	s2	22.9	46.6
2026-03-10T12:28:09	s3	26.7	46.5
2026-03-10T12:28:10	s1	24.3	47.1
2026-03-10T12:28:10	s2	22.8	47.0
2026-03-10T12:28:10	s3	26.5	46.5
2026-03-10T12:28:11	s1	24.4	47.1
2026-03-10T12:28:11	s2	22.8	43.6
2026-03-10T12:28:11	s3	26.5	45.9
2026-03-10T12:28:12	s1	24.4	45.3
2026-03-10T12:28:12	s2	22.9	42.7
2026-03-10T12:28:12	s3	26.5	44.3
2026-03-10T12:28:13	s1	24.5	43.6
2026-03-10T12:28:13	s2	23.0	47.0
2026-03-10T12:28:13	s3	26.5	47.7
2026-03-10T12:28:14	s1	24.4	46.6
2026-03-10T12:28:14	s2	23.0	45.0
2026-03-10T12:28:14	s3	26.5	44.8
2026-03-10T12:28:15	s1	24.4	44.2
2026-03-10T12:28:15	s2	22.9	46.4
2026-03-10T12:28:15	s3	26.5	43.7
2026-03-10T12:28:16	s1	24.4	42.1
2026-03-10T12:28:16	s2	22.8	43.4
2026-03-10T12:28:16	s3	26.4	42.1
2026-03-10T12:28:17	s1	24.5	47.7
2026-03-10T12:28:17	s2	22.8	45.1
2026-03-10T12:28:17	s3	26.6	44.5
2026-03-10T12:28:18	s1	24.3	45.3
2026-03-10T12:28:18	s2	22.9	44.1
2026-03-10T12:28:18	s3	26.7	47.8
2026-03-10T12:28:19	s1	24.5	42.4
2026-03-10T12:28:19	s2	23.0	47.2
2026-03-10T12:28:19	s3	26.5	42.5
2026-03-10T12:28:20	s1	24.3	45.9
2026-03-10T12:28:20	s2	22.9	42.8
2026-03-10T12:28:20	s3	26.5	43.7
2026-03-10T12:28:21	s1	24.3	46.2
2026-03-10T12:28:21	s2	22.9	45.5
2026-03-10T12:28:21	s3	26.7	42.6
2026-03-10T12:28:22	s1	24.3	43.6
2026-03-10T12:28:22	s2	23.1	43.4
2026-03-10T12:28:22	s3	26.6	42.5
2026-03-10T12:28:23	s1	24.4	46.3
2026-03-10T12:28:23	s2	22.8	47.7
2026-03-10T12:28:23	s3	26.7	42.9
2026-03-10T12:28:24	s1	24.3	47.7
2026-03-10T12:28:24	s2	22.8	46.4
2026-03-10T12:28:24	s3	26.6	42.9
2026-03-10T12:28:25	s1	24.4	43.5
2026-03-10T12:28:25	s2	23.0	44.4
2026-03-10T12:28:25	s3	26.5	44.2
2026-03-10T12:28:26	s1	24.6	47.1
2026-03-10T12:28:26	s2	23.0	43.1
2026-03-10T12:28:26	s3	26.5	47.0
2026-03-10T12:28:27	s1	24.5	46.0
2026-03-10T12:28:27	s2	22.8	42.6
2026-03-10T12:28:27	s3	26.6	45.7
2026-03-10T12:28:28	s1	24.3	43.8
2026-03-10T12:28:28	s2	22.9	42.6
2026-03-10T12:28:28	s3	26.6	42.3
2026-03-10T12:28:29	s1	24.3	45.3
2026-03-10T12:28:29	s2	22.9	45.9
2026-03-10T12:28:29	s3	26.5	47.6
2026-03-10T12:28:30	s1	24.5	42.2
2026-03-10T12:28:30	s2	22.9	46.8
2026-03-10T12:28:30	s3	26.6	46.8
2026-03-10T12:28:31	s1	24.5	42.4
2026-03-10T12:28:31	s2	22.9	44.5
2026-03-10T12:28:31	s3	26.6	42.2
2026-03-10T12:28:32	s1	24.4	44.9
2026-03-10T12:28:32	s2	22.9	42.4
2026-03-10T12:28:32	s3	26.6	42.8
2026-03-10T12:28:33	s1	24.6	45.4
2026-03-10T12:28:33	s2	22.8	46.8
2026-03-10T12:28:33	s3	26.5	44.8
2026-03-10T12:28:34	s1	24.3	46.7
2026-03-10T12:28:34	s2	23.0	43.0
2026-03-10T12:28:34	s3	26.5	43.2
2026-03-10T12:28:35	s1	24.5	45.4
2026-03-10T12:28:35	s2	23.0	44.8
2026-03-10T12:28:35	s3	26.5	44.3
2026-03-10T12:28:36	s1	24.3	42.7
2026-03-10T12:28:36	s2	23.0	43.5
2026-03-10T12:28:36	s3	26.7	46.3
2026-03-10T12:28:37	s1	24.4	44.4
2026-03-10T12:28:37	s2	22.8	45.0
2026-03-10T12:28:37	s3	26.7	45.3
2026-03-10T12:28:38	s1	24.6	42.4
2026-03-10T12:28:38	s2	23.0	44.7
2026-03-10T12:28:38	s3	26.6	44.4
2026-03-10T12:28:39	s1	24.6	42.9
2026-03-10T12:28:39	s2	22.9	43.8
2026-03-10T12:28:39	s3	26.7	47.6
2026-03-10T12:28:40	s1	24.3	44.2
2026-03-10T12:28:40	s2	22.8	44.4
2026-03-10T12:28:40	s3	26.5	43.1
2026-03-10T12:28:41	s1	24.6	43.6
2026-03-10T12:28:41	s2	22.8	47.7
2026-03-10T12:28:41	s3	26.8	46.0
2026-03-10T12:28:42	s1	24.3	43.6
2026-03-10T12:28:42	s2	23.0	44.7
2026-03-10T12:28:42	s3	26.7	47.3
2026-03-10T12:28:43	s1	24.4	42.1
2026-03-10T12:28:43	s2	23.0	44.5
2026-03-10T12:28:43	s3	26.7	43.9
2026-03-10T12:28:44	s1	24.4	42.8
2026-03-10T12:28:44	s2	22.9	45.9
2026-03-10T12:28:44	s3	26.7	43.8
2026-03-10T12:28:45	s1	24.5	47.8
2026-03-10T12:28:45	s2	23.0	43.6
2026-03-10T12:28:45	s3	26.6	46.2
2026-03-10T12:28:46	s1	24.5	44.1
2026-03-10T12:28:46	s2	22.9	42.8
2026-03-10T12:28:46	s3	26.5	46.0
2026-03-10T12:28:47	s1	24.4	47.6
2026-03-10T12:28:47	s2	23.0	47.0
2026-03-10T12:28:47	s3	26.6	44.6
2026-03-10T12:28:48	s1	24.6	48.0
2026-03-10T12:28:48	s2	23.0	46.4
2026-03-10T12:28:48	s3	26.7	47.3
2026-03-10T12:28:49	s1	24.4	45.3
2026-03-10T12:28:49	s2	23.0	47.4
2026-03-10T12:28:49	s3	26.7	44.5
2026-03-10T12:28:50	s1	24.4	44.3
2026-03-10T12:28:50	s2	22.8	42.1
2026-03-10T12:28:50	s3	26.7	43.9
2026-03-10T12:28:51	s1	24.4	45.1
2026-03-10T12:28:51	s2	22.9	46.9
2026-03-10T12:28:51	s3	26.7	42.5
2026-03-10T12:28:52	s1	24.5	45.4
2026-03-10T12:28:52	s2	23.0	45.7
2026-03-10T12:28:52	s3	26.7	42.5
2026-03-10T12:28:53	s1	24.4	42.3
2026-03-10T12:28:53	s2	23.0	46.4
2026-03-10T12:28:53	s3	26.7	46.9
2026-03-10T12:28:54	s1	24.6	47.8
2026-03-10T12:28:54	s2	22.9	47.8
2026-03-10T12:28:54	s3	26.7	47.0
2026-03-10T12:28:55	s1	24.6	47.9
2026-03-10T12:28:55	s2	22.9	43.6
2026-03-10T12:28:55	s3	26.6	44.7
2026-03-10T12:28:56	s1	24.6	45.0
2026-03-10T12:28:56	s2	22.9	45.4
2026-03-10T12:28:56	s3	26.7	43.9
2026-03-10T12:28:57	s1	24.5	42.9
2026-03-10T12:28:57	s2	23.1	43.0
2026-03-10T12:28:57	s3	26.8	43.2
2026-03-10T12:28:58	s1	24.5	46.1
2026-03-10T12:28:58	s2	23.0	47.2
2026-03-10T12:28:58	s3	26.6	44.0
2026-03-10T12:28:59	s1	24.6	46.6
2026-03-10T12:28:59	s2	22.8	42.1
2026-03-10T12:28:59	s3	26.7	44.3
2026-03-10T12:29:00	s1	24.6	46.5
2026-03-10T12:29:00	s2	23.1	44.7
2026-03-10T12:29:00	s3	26.7	45.7
2026-03-10T12:29:01	s1	24.3	45.1
2026-03-10T12:29:01	s2	23.1	45.4
2026-03-10T12:29:01	s3	26.6	43.5
2026-03-10T12:29:02	s1	24.5	42.0
2026-03-10T12:29:02	s2	23.0	47.1
2026-03-10T12:29:02	s3	26.6	45.4
2026-03-10T12:29:03	s1	24.6	42.9
2026-03-10T12:29:03	s2	22.9	46.1
2026-03-10T12:29:03	s3	26.6	44.7
2026-03-10T12:29:04	s1	24.6	46.0
2026-03-10T12:29:04	s2	23.1	45.5
2026-03-10T12:29:04	s3	26.7	46.3
2026-03-10T12:29:05	s1	24.4	42.1
2026-03-10T12:29:05	s2	23.1	44.0
2026-03-10T12:29:05	s3	26.7	47.1
2026-03-10T12:29:06	s1	24.4	47.1
2026-03-10T12:29:06	s2	23.1	44.6
2026-03-10T12:29:06	s3	26.8	44.3
2026-03-10T12:29:07	s1	24.4	42.1
2026-03-10T12:29:07	s2	23.0	47.0
2026-03-10T12:29:07	s3	26.7	43.7
2026-03-10T12:29:08	s1	24.4	44.6
2026-03-10T12:29:08	s2	23.1	46.3
2026-03-10T12:29:08	s3	26.6	44.7
2026-03-10T12:29:09	s1	24.6	45.1
2026-03-10T12:29:09	s2	22.9	42.6
2026-03-10T12:29:09	s3	26.7	45.9
2026-03-10T12:29:10	s1	24.6	44.0
2026-03-10T12:29:10	s2	22.9	45.4
2026-03-10T12:29:10	s3	26.8	42.9
2026-03-10T12:29:11	s1	24.4	45.8
2026-03-10T12:29:11	s2	23.1	46.0
2026-03-10T12:29:11	s3	26.6	43.2
2026-03-10T12:29:12	s1	24.6	43.7
2026-03-10T12:29:12	s2	23.0	44.7
2026-03-10T12:29:12	s3	26.7	45.4
2026-03-10T12:29:13	s1	24.5	43.7
2026-03-10T12:29:13	s2	23.1	43.6
2026-03-10T12:29:13	s3	26.7	44.6
2026-03-10T12:29:14	s1	24.6	42.6
2026-03-10T12:29:14	s2	23.0	43.6
2026-03-10T12:29:14	s3	26.7	42.1
2026-03-10T12:29:15	s1	24.4	46.6
2026-03-10T12:29:15	s2	23.1	46.1
2026-03-10T12:29:15	s3	26.6	42.8
2026-03-10T12:29:16	s1	24.4	44.7
2026-03-10T12:29:16	s2	23.1	43.7
2026-03-10T12:29:16	s3	26.6	47.8
2026-03-10T12:29:17	s1	24.5	42.2
2026-03-10T12:29:17	s2	23.0	47.3
2026-03-10T12:29:17	s3	26.7	46.1
2026-03-10T12:29:18	s1	24.6	44.8
2026-03-10T12:29:18	s2	23.1	44.2
2026-03-10T12:29:18	s3	26.9	44.5
2026-03-10T12:29:19	s1	24.4	47.6
2026-03-10T12:29:19	s2	23.0	44.7
2026-03-10T12:29:19	s3	26.6	42.5
2026-03-10T12:29:20	s1	24.6	48.0
2026-03-10T12:29:20	s2	23.0	42.8
2026-03-10T12:29:20	s3	26.8	42.6
2026-03-10T12:29:21	s1	24.4	44.5
2026-03-10T12:29:21	s2	22.9	43.1
2026-03-10T12:29:21	s3	26.8	44.0
2026-03-10T12:29:22	s1	24.5	43.7
2026-03-10T12:29:22	s2	23.1	44.4
2026-03-10T12:29:22	s3	26.8	42.4
2026-03-10T12:29:23	s1	24.6	43.3
2026-03-10T12:29:23	s2	23.0	44.5
2026-03-10T12:29:23	s3	26.6	42.8
2026-03-10T12:29:24	s1	24.4	42.9
2026-03-10T12:29:24	s2	22.9	42.5
2026-03-10T12:29:24	s3	26.8	47.4
2026-03-10T12:29:25	s1	24.4	47.4
2026-03-10T12:29:25	s2	23.0	47.9
2026-03-10T12:29:25	s3	26.8	42.4
2026-03-10T12:29:26	s1	24.4	42.2
2026-03-10T12:29:26	s2	23.2	47.7
2026-03-10T12:29:26	s3	26.8	42.1
2026-03-10T12:29:27	s1	24.6	44.6
2026-03-10T12:29:27	s2	23.0	47.7
2026-03-10T12:29:27	s3	26.8	46.4
2026-03-10T12:29:28	s1	24.7	43.6
2026-03-10T12:29:28	s2	23.0	42.3
2026-03-10T12:29:28	s3	26.8	45.9
2026-03-10T12:29:29	s1	24.7	47.9
2026-03-10T12:29:29	s2	23.0	43.3
2026-03-10T12:29:29	s3	26.8	44.3
2026-03-10T12:29:30	s1	24.7	42.6
2026-03-10T12:29:30	s2	22.9	43.4
2026-03-10T12:29:30	s3	26.7	46.3
2026-03-10T12:29:31	s1	24.6	47.9
2026-03-10T12:29:31	s2	23.2	43.9
2026-03-10T12:29:31	s3	26.8	43.6
2026-03-10T12:29:32	s1	24.5	47.8
2026-03-10T12:29:32	s2	22.9	48.0
2026-03-10T12:29:32	s3	26.8	43.0
2026-03-10T12:29:33	s1	24.5	42.6
2026-03-10T12:29:33	s2	23.1	47.0
2026-03-10T12:29:33	s3	26.8	43.1
2026-03-10T12:29:34	s1	24.5	42.0
2026-03-10T12:29:34	s2	23.0	44.5
2026-03-10T12:29:34	s3	26.8	47.6
2026-03-10T12:29:35	s1	24.7	46.7
2026-03-10T12:29:35	s2	23.2	47.1
2026-03-10T12:29:35	s3	26.7	42.5
2026-03-10T12:29:36	s1	24.7	47.3
2026-03-10T12:29:36	s2	23.2	44.5
2026-03-10T12:29:36	s3	26.8	45.1
2026-03-10T12:29:37	s1	24.7	46.7
2026-03-10T12:29:37	s2	23.0	44.8
2026-03-10T12:29:37	s3	26.6	43.0
2026-03-10T12:29:38	s1	24.4	43.2
2026-03-10T12:29:38	s2	22.9	44.5
2026-03-10T12:29:38	s3	26.9	46.8
2026-03-10T12:29:39	s1	24.5	45.4
2026-03-10T12:29:39	s2	23.2	47.8
2026-03-10T12:29:39	s3	26.6	43.9
2026-03-10T12:29:40	s1	24.5	43.3
2026-03-10T12:29:40	s2	22.9	46.4
2026-03-10T12:29:40	s3	26.9	46.5
2026-03-10T12:29:41	s1	24.6	47.7
2026-03-10T12:29:41	s2	23.0	44.0
2026-03-10T12:29:41	s3	26.8	47.1
2026-03-10T12:29:42	s1	24.6	46.5
2026-03-10T12:29:42	s2	23.0	43.5
2026-03-10T12:29:42	s3	26.8	42.1
2026-03-10T12:29:43	s1	24.5	46.1
2026-03-10T12:29:43	s2	23.2	45.9
2026-03-10T12:29:43	s3	26.6	42.7
2026-03-10T12:29:44	s1	24.6	45.7
2026-03-10T12:29:44	s2	23.1	45.3
2026-03-10T12:29:44	s3	26.6	42.9
2026-03-10T12:29:45	s1	24.5	47.1
2026-03-10T12:29:45	s2	23.0	43.8
2026-03-10T12:29:45	s3	26.7	45.5
2026-03-10T12:29:46	s1	24.5	47.2
2026-03-10T12:29:46	s2	23.1	43.1
2026-03-10T12:29:46	s3	26.6	45.1
2026-03-10T12:29:47	s1	24.6	44.5
2026-03-10T12:29:47	s2	22.9	44.4
2026-03-10T12:29:47	s3	26.7	46.6
2026-03-10T12:29:48	s1	24.5	42.6
2026-03-10T12:29:48	s2	23.0	42.3
2026-03-10T12:29:48	s3	26.7	46.9
2026-03-10T12:29:49	s1	24.5	43.2
2026-03-10T12:29:49	s2	23.2	42.5
2026-03-10T12:29:49	s3	26.8	43.5
2026-03-10T12:29:50	s1	24.4	46.2
2026-03-10T12:29:50	s2	22.9	45.7
2026-03-10T12:29:50	s3	26.9	44.5
2026-03-10T12:29:51	s1	24.7	43.4
2026-03-10T12:29:51	s2	23.0	46.3
2026-03-10T12:29:51	s3	26.8	45.0
2026-03-10T12:29:52	s1	24.4	42.4
2026-03-10T12:29:52	s2	23.0	48.0
2026-03-10T12:29:52	s3	26.7	45.6
2026-03-10T12:29:53	s1	24.6	45.6
2026-03-10T12:29:53	s2	23.1	47.7
2026-03-10T12:29:53	s3	26.7	46.8
2026-03-10T12:29:54	s1	24.4	42.1
2026-03-10T12:29:54	s2	23.0	47.6
2026-03-10T12:29:54	s3	26.9	43.4
2026-03-10T12:29:55	s1	24.7	45.0
2026-03-10T12:29:55	s2	23.0	46.9
2026-03-10T12:29:55	s3	26.9	45.3
2026-03-10T12:29:56	s1	24.5	46.5
2026-03-10T12:29:56	s2	23.2	46.5
2026-03-10T12:29:56	s3	26.9	42.9
2026-03-10T12:29:57	s1	24.7	44.1
2026-03-10T12:29:57	s2	23.2	47.9
2026-03-10T12:29:57	s3	26.9	46.3
2026-03-10T12:29:58	s1	24.5	45.5
2026-03-10T12:29:58	s2	23.0	47.9
2026-03-10T12:29:58	s3	26.8	45.1
2026-03-10T12:29:59	s1	24.7	47.5
2026-03-10T12:29:59	s2	23.1	42.5
2026-03-10T12:29:59	s3	26.9	44.0
2026-03-10T12:30:00	s1	24.5	43.0
2026-03-10T12:30:00	s2	23.0	44.8
2026-03-10T12:30:00	s3	26.7	45.2
